match_id,season,venue,team1,team2,toss_winner,toss_decision,batting_first_team,bowling_first_team,first_innings_score,first_innings_wickets,second_innings_score,second_innings_wickets,winner,win_by_runs,win_by_wickets,player_of_match_runs,player_of_match_wickets
1,2015,Rajiv Gandhi Stadium,Mumbai Indians,Punjab Kings,Punjab Kings,bat,Punjab Kings,Mumbai Indians,174,6,147,8,Punjab Kings,27,0,82,1
2,2015,Arun Jaitley Stadium,Delhi Capitals,Royal Challengers Bangalore,Royal Challengers Bangalore,field,Delhi Capitals,Royal Challengers Bangalore,191,5,102,10,Delhi Capitals,89,0,89,3
3,2015,Punjab Cricket Association Stadium,Chennai Super Kings,Mumbai Indians,Chennai Super Kings,bat,Chennai Super Kings,Mumbai Indians,182,8,150,4,Chennai Super Kings,32,0,89,2
4,2015,Arun Jaitley Stadium,Rajasthan Royals,Punjab Kings,Punjab Kings,field,Rajasthan Royals,Punjab Kings,171,5,105,4,Rajasthan Royals,66,0,73,1
5,2015,M. Chinnaswamy Stadium,Delhi Capitals,Royal Challengers Bangalore,Royal Challengers Bangalore,field,Delhi Capitals,Royal Challengers Bangalore,190,7,126,6,Delhi Capitals,64,0,70,0
6,2015,Wankhede Stadium,Kolkata Knight Riders,Mumbai Indians,Mumbai Indians,bat,Mumbai Indians,Kolkata Knight Riders,181,6,111,3,Mumbai Indians,70,0,34,1
7,2015,Arun Jaitley Stadium,Delhi Capitals,Sunrisers Hyderabad,Sunrisers Hyderabad,bat,Sunrisers Hyderabad,Delhi Capitals,194,7,141,10,Sunrisers Hyderabad,53,0,64,0
8,2015,Rajiv Gandhi Stadium,Rajasthan Royals,Mumbai Indians,Rajasthan Royals,bat,Rajasthan Royals,Mumbai Indians,165,7,132,7,Rajasthan Royals,33,0,80,2
9,2015,Rajiv Gandhi Stadium,Royal Challengers Bangalore,Delhi Capitals,Royal Challengers Bangalore,field,Delhi Capitals,Royal Challengers Bangalore,180,5,113,4,Delhi Capitals,67,0,74,1
10,2015,Eden Gardens,Sunrisers Hyderabad,Royal Challengers Bangalore,Royal Challengers Bangalore,field,Sunrisers Hyderabad,Royal Challengers Bangalore,184,4,117,5,Sunrisers Hyderabad,67,0,91,0
11,2015,Eden Gardens,Punjab Kings,Sunrisers Hyderabad,Punjab Kings,field,Sunrisers Hyderabad,Punjab Kings,176,6,94,8,Sunrisers Hyderabad,82,0,61,3
12,2015,Arun Jaitley Stadium,Royal Challengers Bangalore,Punjab Kings,Punjab Kings,bat,Punjab Kings,Royal Challengers Bangalore,169,4,101,5,Punjab Kings,68,0,31,1
13,2015,M.A. Chidambaram Stadium,Sunrisers Hyderabad,Mumbai Indians,Sunrisers Hyderabad,field,Mumbai Indians,Sunrisers Hyderabad,207,6,106,10,Mumbai Indians,101,0,46,2
14,2015,Rajiv Gandhi Stadium,Royal Challengers Bangalore,Chennai Super Kings,Chennai Super Kings,field,Royal Challengers Bangalore,Chennai Super Kings,198,6,149,6,Royal Challengers Bangalore,49,0,88,3
15,2015,Wankhede Stadium,Chennai Super Kings,Rajasthan Royals,Chennai Super Kings,bat,Chennai Super Kings,Rajasthan Royals,193,4,141,3,Chennai Super Kings,52,0,79,2
16,2015,Wankhede Stadium,Chennai Super Kings,Kolkata Knight Riders,Kolkata Knight Riders,field,Chennai Super Kings,Kolkata Knight Riders,183,4,137,3,Chennai Super Kings,46,0,48,3
17,2015,Punjab Cricket Association Stadium,Mumbai Indians,Delhi Capitals,Delhi Capitals,field,Mumbai Indians,Delhi Capitals,191,9,103,5,Mumbai Indians,88,0,90,0
18,2015,Arun Jaitley Stadium,Royal Challengers Bangalore,Punjab Kings,Punjab Kings,field,Royal Challengers Bangalore,Punjab Kings,202,7,144,5,Royal Challengers Bangalore,58,0,51,1
19,2015,Eden Gardens,Chennai Super Kings,Kolkata Knight Riders,Chennai Super Kings,field,Kolkata Knight Riders,Chennai Super Kings,181,8,179,6,Kolkata Knight Riders,2,0,90,3
20,2015,Arun Jaitley Stadium,Punjab Kings,Mumbai Indians,Mumbai Indians,field,Punjab Kings,Mumbai Indians,190,8,151,9,Punjab Kings,39,0,89,0
21,2015,Punjab Cricket Association Stadium,Mumbai Indians,Chennai Super Kings,Mumbai Indians,bat,Mumbai Indians,Chennai Super Kings,189,9,149,10,Mumbai Indians,40,0,61,2
22,2015,Wankhede Stadium,Chennai Super Kings,Delhi Capitals,Delhi Capitals,field,Chennai Super Kings,Delhi Capitals,175,10,100,4,Chennai Super Kings,75,0,79,0
23,2015,M. Chinnaswamy Stadium,Punjab Kings,Rajasthan Royals,Rajasthan Royals,field,Punjab Kings,Rajasthan Royals,189,10,128,9,Punjab Kings,61,0,61,2
24,2015,M. Chinnaswamy Stadium,Delhi Capitals,Kolkata Knight Riders,Kolkata Knight Riders,field,Delhi Capitals,Kolkata Knight Riders,161,4,110,10,Delhi Capitals,51,0,82,3
25,2015,Arun Jaitley Stadium,Royal Challengers Bangalore,Punjab Kings,Punjab Kings,field,Royal Challengers Bangalore,Punjab Kings,163,4,104,10,Royal Challengers Bangalore,59,0,92,2
26,2015,Rajiv Gandhi Stadium,Royal Challengers Bangalore,Sunrisers Hyderabad,Royal Challengers Bangalore,field,Sunrisers Hyderabad,Royal Challengers Bangalore,176,5,114,10,Sunrisers Hyderabad,62,0,77,0
27,2015,Punjab Cricket Association Stadium,Mumbai Indians,Royal Challengers Bangalore,Mumbai Indians,field,Royal Challengers Bangalore,Mumbai Indians,190,6,131,7,Royal Challengers Bangalore,59,0,86,0
28,2015,Arun Jaitley Stadium,Sunrisers Hyderabad,Royal Challengers Bangalore,Sunrisers Hyderabad,field,Royal Challengers Bangalore,Sunrisers Hyderabad,135,4,80,8,Royal Challengers Bangalore,55,0,52,1
29,2015,M.A. Chidambaram Stadium,Chennai Super Kings,Rajasthan Royals,Chennai Super Kings,field,Rajasthan Royals,Chennai Super Kings,181,10,146,4,Rajasthan Royals,35,0,61,2
30,2015,M. Chinnaswamy Stadium,Punjab Kings,Delhi Capitals,Punjab Kings,field,Delhi Capitals,Punjab Kings,192,6,128,6,Delhi Capitals,64,0,58,0
31,2015,Eden Gardens,Sunrisers Hyderabad,Delhi Capitals,Sunrisers Hyderabad,bat,Sunrisers Hyderabad,Delhi Capitals,171,7,126,4,Sunrisers Hyderabad,45,0,58,3
32,2015,Wankhede Stadium,Royal Challengers Bangalore,Sunrisers Hyderabad,Sunrisers Hyderabad,field,Royal Challengers Bangalore,Sunrisers Hyderabad,174,10,92,10,Royal Challengers Bangalore,82,0,53,2
33,2015,Wankhede Stadium,Mumbai Indians,Sunrisers Hyderabad,Mumbai Indians,bat,Mumbai Indians,Sunrisers Hyderabad,212,9,125,7,Mumbai Indians,87,0,88,2
34,2015,Wankhede Stadium,Punjab Kings,Mumbai Indians,Punjab Kings,field,Mumbai Indians,Punjab Kings,174,8,80,7,Mumbai Indians,94,0,41,0
35,2015,Wankhede Stadium,Punjab Kings,Mumbai Indians,Punjab Kings,bat,Punjab Kings,Mumbai Indians,182,8,125,5,Punjab Kings,57,0,47,2
36,2015,Sawai Mansingh Stadium,Delhi Capitals,Royal Challengers Bangalore,Delhi Capitals,field,Royal Challengers Bangalore,Delhi Capitals,187,5,116,7,Royal Challengers Bangalore,71,0,58,0
37,2015,Rajiv Gandhi Stadium,Kolkata Knight Riders,Rajasthan Royals,Kolkata Knight Riders,field,Rajasthan Royals,Kolkata Knight Riders,178,7,151,8,Rajasthan Royals,27,0,68,2
38,2015,Arun Jaitley Stadium,Delhi Capitals,Rajasthan Royals,Rajasthan Royals,bat,Rajasthan Royals,Delhi Capitals,178,4,103,5,Rajasthan Royals,75,0,91,0
39,2015,M. Chinnaswamy Stadium,Royal Challengers Bangalore,Mumbai Indians,Mumbai Indians,field,Royal Challengers Bangalore,Mumbai Indians,173,9,140,7,Royal Challengers Bangalore,33,0,65,2
40,2015,Sawai Mansingh Stadium,Delhi Capitals,Rajasthan Royals,Delhi Capitals,field,Rajasthan Royals,Delhi Capitals,198,4,126,5,Rajasthan Royals,72,0,41,1
41,2015,Arun Jaitley Stadium,Delhi Capitals,Royal Challengers Bangalore,Royal Challengers Bangalore,bat,Royal Challengers Bangalore,Delhi Capitals,167,7,91,10,Royal Challengers Bangalore,76,0,56,1
42,2015,Punjab Cricket Association Stadium,Royal Challengers Bangalore,Mumbai Indians,Royal Challengers Bangalore,bat,Royal Challengers Bangalore,Mumbai Indians,172,8,140,9,Royal Challengers Bangalore,32,0,54,1
43,2015,Punjab Cricket Association Stadium,Rajasthan Royals,Delhi Capitals,Rajasthan Royals,field,Delhi Capitals,Rajasthan Royals,175,6,141,5,Delhi Capitals,34,0,78,0
44,2015,Punjab Cricket Association Stadium,Rajasthan Royals,Kolkata Knight Riders,Rajasthan Royals,field,Kolkata Knight Riders,Rajasthan Royals,210,8,139,4,Kolkata Knight Riders,71,0,46,0
45,2015,Arun Jaitley Stadium,Mumbai Indians,Kolkata Knight Riders,Kolkata Knight Riders,field,Mumbai Indians,Kolkata Knight Riders,192,9,123,8,Mumbai Indians,69,0,32,2
46,2015,Eden Gardens,Delhi Capitals,Royal Challengers Bangalore,Delhi Capitals,field,Royal Challengers Bangalore,Delhi Capitals,200,9,119,4,Royal Challengers Bangalore,81,0,80,2
47,2015,Rajiv Gandhi Stadium,Chennai Super Kings,Royal Challengers Bangalore,Chennai Super Kings,bat,Chennai Super Kings,Royal Challengers Bangalore,168,10,144,6,Chennai Super Kings,24,0,59,2
48,2015,Wankhede Stadium,Kolkata Knight Riders,Rajasthan Royals,Rajasthan Royals,field,Kolkata Knight Riders,Rajasthan Royals,175,5,113,7,Kolkata Knight Riders,62,0,72,3
49,2015,Punjab Cricket Association Stadium,Kolkata Knight Riders,Delhi Capitals,Kolkata Knight Riders,field,Delhi Capitals,Kolkata Knight Riders,178,8,130,7,Delhi Capitals,48,0,71,0
50,2015,M.A. Chidambaram Stadium,Royal Challengers Bangalore,Mumbai Indians,Mumbai Indians,bat,Mumbai Indians,Royal Challengers Bangalore,185,4,123,9,Mumbai Indians,62,0,85,1
51,2015,Wankhede Stadium,Sunrisers Hyderabad,Kolkata Knight Riders,Sunrisers Hyderabad,bat,Sunrisers Hyderabad,Kolkata Knight Riders,172,5,86,6,Sunrisers Hyderabad,86,0,31,0
52,2015,Rajiv Gandhi Stadium,Sunrisers Hyderabad,Chennai Super Kings,Chennai Super Kings,field,Sunrisers Hyderabad,Chennai Super Kings,166,6,144,9,Sunrisers Hyderabad,22,0,93,0
53,2015,Rajiv Gandhi Stadium,Sunrisers Hyderabad,Punjab Kings,Punjab Kings,bat,Punjab Kings,Sunrisers Hyderabad,175,7,125,4,Punjab Kings,50,0,47,2
54,2015,Eden Gardens,Sunrisers Hyderabad,Delhi Capitals,Delhi Capitals,bat,Delhi Capitals,Sunrisers Hyderabad,191,6,146,7,Delhi Capitals,45,0,62,0
55,2015,Sawai Mansingh Stadium,Chennai Super Kings,Rajasthan Royals,Rajasthan Royals,bat,Rajasthan Royals,Chennai Super Kings,194,8,133,6,Rajasthan Royals,61,0,53,2
56,2015,Sawai Mansingh Stadium,Chennai Super Kings,Rajasthan Royals,Chennai Super Kings,field,Rajasthan Royals,Chennai Super Kings,196,6,159,10,Rajasthan Royals,37,0,55,2
57,2016,Wankhede Stadium,Chennai Super Kings,Rajasthan Royals,Rajasthan Royals,bat,Rajasthan Royals,Chennai Super Kings,157,8,138,8,Rajasthan Royals,19,0,40,2
58,2016,Punjab Cricket Association Stadium,Sunrisers Hyderabad,Rajasthan Royals,Rajasthan Royals,field,Sunrisers Hyderabad,Rajasthan Royals,193,7,112,3,Sunrisers Hyderabad,81,0,92,0
59,2016,Eden Gardens,Kolkata Knight Riders,Punjab Kings,Punjab Kings,bat,Punjab Kings,Kolkata Knight Riders,185,8,148,10,Punjab Kings,37,0,38,1
60,2016,Punjab Cricket Association Stadium,Delhi Capitals,Punjab Kings,Delhi Capitals,bat,Delhi Capitals,Punjab Kings,186,8,103,7,Delhi Capitals,83,0,34,2
61,2016,Wankhede Stadium,Sunrisers Hyderabad,Rajasthan Royals,Rajasthan Royals,field,Sunrisers Hyderabad,Rajasthan Royals,174,9,86,3,Sunrisers Hyderabad,88,0,52,2
62,2016,M.A. Chidambaram Stadium,Mumbai Indians,Kolkata Knight Riders,Kolkata Knight Riders,bat,Kolkata Knight Riders,Mumbai Indians,151,6,141,9,Kolkata Knight Riders,10,0,80,3
63,2016,Eden Gardens,Royal Challengers Bangalore,Punjab Kings,Punjab Kings,field,Royal Challengers Bangalore,Punjab Kings,203,4,126,8,Royal Challengers Bangalore,77,0,39,0
64,2016,M. Chinnaswamy Stadium,Punjab Kings,Rajasthan Royals,Rajasthan Royals,field,Punjab Kings,Rajasthan Royals,171,7,163,6,Punjab Kings,8,0,74,1
65,2016,Eden Gardens,Delhi Capitals,Chennai Super Kings,Delhi Capitals,field,Chennai Super Kings,Delhi Capitals,185,10,108,9,Chennai Super Kings,77,0,75,2
66,2016,Punjab Cricket Association Stadium,Punjab Kings,Royal Challengers Bangalore,Royal Challengers Bangalore,field,Punjab Kings,Royal Challengers Bangalore,166,4,134,8,Punjab Kings,32,0,80,0
67,2016,M. Chinnaswamy Stadium,Kolkata Knight Riders,Mumbai Indians,Kolkata Knight Riders,bat,Kolkata Knight Riders,Mumbai Indians,172,9,145,9,Kolkata Knight Riders,27,0,69,2
68,2016,Wankhede Stadium,Kolkata Knight Riders,Royal Challengers Bangalore,Kolkata Knight Riders,field,Royal Challengers Bangalore,Kolkata Knight Riders,188,9,124,4,Royal Challengers Bangalore,64,0,36,1
69,2016,Arun Jaitley Stadium,Rajasthan Royals,Delhi Capitals,Rajasthan Royals,bat,Rajasthan Royals,Delhi Capitals,145,4,102,3,Rajasthan Royals,43,0,58,2
70,2016,Rajiv Gandhi Stadium,Delhi Capitals,Sunrisers Hyderabad,Delhi Capitals,field,Sunrisers Hyderabad,Delhi Capitals,166,8,108,10,Sunrisers Hyderabad,58,0,78,2
71,2016,Punjab Cricket Association Stadium,Sunrisers Hyderabad,Mumbai Indians,Mumbai Indians,bat,Mumbai Indians,Sunrisers Hyderabad,207,5,107,3,Mumbai Indians,100,0,76,1
72,2016,Eden Gardens,Delhi Capitals,Royal Challengers Bangalore,Delhi Capitals,bat,Delhi Capitals,Royal Challengers Bangalore,182,5,118,4,Delhi Capitals,64,0,63,3
73,2016,Wankhede Stadium,Punjab Kings,Delhi Capitals,Punjab Kings,bat,Punjab Kings,Delhi Capitals,177,6,113,5,Punjab Kings,64,0,37,1
74,2016,M. Chinnaswamy Stadium,Delhi Capitals,Mumbai Indians,Mumbai Indians,bat,Mumbai Indians,Delhi Capitals,201,7,106,4,Mumbai Indians,95,0,31,0
75,2016,Eden Gardens,Chennai Super Kings,Punjab Kings,Chennai Super Kings,bat,Chennai Super Kings,Punjab Kings,211,4,108,4,Chennai Super Kings,103,0,82,3
76,2016,Sawai Mansingh Stadium,Sunrisers Hyderabad,Punjab Kings,Punjab Kings,field,Sunrisers Hyderabad,Punjab Kings,182,4,88,8,Sunrisers Hyderabad,94,0,38,3
77,2016,Sawai Mansingh Stadium,Royal Challengers Bangalore,Rajasthan Royals,Rajasthan Royals,bat,Rajasthan Royals,Royal Challengers Bangalore,209,9,150,4,Rajasthan Royals,59,0,71,3
78,2016,M.A. Chidambaram Stadium,Royal Challengers Bangalore,Rajasthan Royals,Rajasthan Royals,bat,Rajasthan Royals,Royal Challengers Bangalore,176,7,133,7,Rajasthan Royals,43,0,82,2
79,2016,Sawai Mansingh Stadium,Kolkata Knight Riders,Royal Challengers Bangalore,Royal Challengers Bangalore,bat,Royal Challengers Bangalore,Kolkata Knight Riders,194,7,148,3,Royal Challengers Bangalore,46,0,88,2
80,2016,Sawai Mansingh Stadium,Chennai Super Kings,Delhi Capitals,Delhi Capitals,field,Chennai Super Kings,Delhi Capitals,174,9,116,5,Chennai Super Kings,58,0,55,1
81,2016,Eden Gardens,Mumbai Indians,Royal Challengers Bangalore,Royal Challengers Bangalore,field,Mumbai Indians,Royal Challengers Bangalore,187,7,131,5,Mumbai Indians,56,0,41,2
82,2016,M.A. Chidambaram Stadium,Mumbai Indians,Sunrisers Hyderabad,Mumbai Indians,field,Sunrisers Hyderabad,Mumbai Indians,189,10,141,7,Sunrisers Hyderabad,48,0,54,1
83,2016,Rajiv Gandhi Stadium,Punjab Kings,Delhi Capitals,Delhi Capitals,field,Punjab Kings,Delhi Capitals,197,5,104,9,Punjab Kings,93,0,43,2
84,2016,Rajiv Gandhi Stadium,Sunrisers Hyderabad,Punjab Kings,Sunrisers Hyderabad,field,Punjab Kings,Sunrisers Hyderabad,186,5,128,9,Punjab Kings,58,0,46,1
85,2016,M. Chinnaswamy Stadium,Sunrisers Hyderabad,Delhi Capitals,Sunrisers Hyderabad,bat,Sunrisers Hyderabad,Delhi Capitals,187,4,113,6,Sunrisers Hyderabad,74,0,54,0
86,2016,Rajiv Gandhi Stadium,Rajasthan Royals,Royal Challengers Bangalore,Rajasthan Royals,field,Royal Challengers Bangalore,Rajasthan Royals,174,6,135,5,Royal Challengers Bangalore,39,0,68,1
87,2016,Arun Jaitley Stadium,Royal Challengers Bangalore,Sunrisers Hyderabad,Royal Challengers Bangalore,field,Sunrisers Hyderabad,Royal Challengers Bangalore,169,10,112,9,Sunrisers Hyderabad,57,0,34,0
88,2016,Arun Jaitley Stadium,Rajasthan Royals,Sunrisers Hyderabad,Sunrisers Hyderabad,bat,Sunrisers Hyderabad,Rajasthan Royals,149,7,90,6,Sunrisers Hyderabad,59,0,88,1
89,2016,Punjab Cricket Association Stadium,Punjab Kings,Chennai Super Kings,Punjab Kings,field,Chennai Super Kings,Punjab Kings,174,7,111,6,Chennai Super Kings,63,0,88,3
90,2016,M.A. Chidambaram Stadium,Sunrisers Hyderabad,Mumbai Indians,Sunrisers Hyderabad,bat,Sunrisers Hyderabad,Mumbai Indians,184,9,127,7,Sunrisers Hyderabad,57,0,34,1
91,2016,M. Chinnaswamy Stadium,Kolkata Knight Riders,Delhi Capitals,Kolkata Knight Riders,bat,Kolkata Knight Riders,Delhi Capitals,182,6,124,8,Kolkata Knight Riders,58,0,42,3
92,2016,M.A. Chidambaram Stadium,Royal Challengers Bangalore,Sunrisers Hyderabad,Royal Challengers Bangalore,field,Sunrisers Hyderabad,Royal Challengers Bangalore,185,8,138,5,Sunrisers Hyderabad,47,0,88,1
93,2016,Sawai Mansingh Stadium,Rajasthan Royals,Delhi Capitals,Rajasthan Royals,bat,Rajasthan Royals,Delhi Capitals,148,8,91,5,Rajasthan Royals,57,0,87,2
94,2016,Punjab Cricket Association Stadium,Punjab Kings,Rajasthan Royals,Punjab Kings,field,Rajasthan Royals,Punjab Kings,176,8,102,5,Rajasthan Royals,74,0,74,0
95,2016,Eden Gardens,Punjab Kings,Chennai Super Kings,Punjab Kings,field,Chennai Super Kings,Punjab Kings,174,6,108,7,Chennai Super Kings,66,0,59,2
96,2016,Arun Jaitley Stadium,Punjab Kings,Royal Challengers Bangalore,Punjab Kings,bat,Punjab Kings,Royal Challengers Bangalore,180,10,92,4,Punjab Kings,88,0,89,3
97,2016,Wankhede Stadium,Chennai Super Kings,Kolkata Knight Riders,Kolkata Knight Riders,field,Chennai Super Kings,Kolkata Knight Riders,192,9,118,6,Chennai Super Kings,74,0,49,3
98,2016,Sawai Mansingh Stadium,Delhi Capitals,Rajasthan Royals,Delhi Capitals,field,Rajasthan Royals,Delhi Capitals,176,5,117,8,Rajasthan Royals,59,0,93,2
99,2016,Rajiv Gandhi Stadium,Punjab Kings,Mumbai Indians,Punjab Kings,bat,Punjab Kings,Mumbai Indians,197,5,142,9,Punjab Kings,55,0,55,1
100,2016,Wankhede Stadium,Rajasthan Royals,Sunrisers Hyderabad,Rajasthan Royals,field,Sunrisers Hyderabad,Rajasthan Royals,202,10,124,8,Sunrisers Hyderabad,78,0,51,2
101,2016,Rajiv Gandhi Stadium,Mumbai Indians,Rajasthan Royals,Rajasthan Royals,field,Mumbai Indians,Rajasthan Royals,195,6,152,3,Mumbai Indians,43,0,87,3
102,2016,Punjab Cricket Association Stadium,Sunrisers Hyderabad,Kolkata Knight Riders,Kolkata Knight Riders,field,Sunrisers Hyderabad,Kolkata Knight Riders,169,4,121,3,Sunrisers Hyderabad,48,0,82,3
103,2016,M. Chinnaswamy Stadium,Delhi Capitals,Chennai Super Kings,Chennai Super Kings,bat,Chennai Super Kings,Delhi Capitals,218,7,154,6,Chennai Super Kings,64,0,38,1
104,2016,Punjab Cricket Association Stadium,Punjab Kings,Royal Challengers Bangalore,Punjab Kings,field,Royal Challengers Bangalore,Punjab Kings,200,5,109,8,Royal Challengers Bangalore,91,0,67,3
105,2016,Punjab Cricket Association Stadium,Sunrisers Hyderabad,Rajasthan Royals,Sunrisers Hyderabad,field,Rajasthan Royals,Sunrisers Hyderabad,175,9,94,6,Rajasthan Royals,81,0,49,0
106,2016,Wankhede Stadium,Punjab Kings,Royal Challengers Bangalore,Punjab Kings,bat,Punjab Kings,Royal Challengers Bangalore,174,9,101,9,Punjab Kings,73,0,75,1
107,2016,Eden Gardens,Kolkata Knight Riders,Delhi Capitals,Kolkata Knight Riders,field,Delhi Capitals,Kolkata Knight Riders,195,5,136,6,Delhi Capitals,59,0,91,3
108,2016,Sawai Mansingh Stadium,Chennai Super Kings,Delhi Capitals,Delhi Capitals,field,Chennai Super Kings,Delhi Capitals,174,5,96,8,Chennai Super Kings,78,0,41,2
109,2016,Rajiv Gandhi Stadium,Sunrisers Hyderabad,Punjab Kings,Punjab Kings,bat,Punjab Kings,Sunrisers Hyderabad,182,6,131,6,Punjab Kings,51,0,47,2
110,2016,Eden Gardens,Kolkata Knight Riders,Sunrisers Hyderabad,Kolkata Knight Riders,bat,Kolkata Knight Riders,Sunrisers Hyderabad,171,9,84,7,Kolkata Knight Riders,87,0,60,1
111,2016,Arun Jaitley Stadium,Chennai Super Kings,Royal Challengers Bangalore,Royal Challengers Bangalore,field,Chennai Super Kings,Royal Challengers Bangalore,184,5,123,10,Chennai Super Kings,61,0,63,3
112,2016,M. Chinnaswamy Stadium,Chennai Super Kings,Kolkata Knight Riders,Kolkata Knight Riders,bat,Kolkata Knight Riders,Chennai Super Kings,179,5,147,10,Kolkata Knight Riders,32,0,71,3
113,2017,Wankhede Stadium,Royal Challengers Bangalore,Kolkata Knight Riders,Kolkata Knight Riders,bat,Kolkata Knight Riders,Royal Challengers Bangalore,203,7,157,4,Kolkata Knight Riders,46,0,46,2
114,2017,Rajiv Gandhi Stadium,Delhi Capitals,Punjab Kings,Delhi Capitals,field,Punjab Kings,Delhi Capitals,175,6,122,4,Punjab Kings,53,0,43,3
115,2017,M. Chinnaswamy Stadium,Rajasthan Royals,Royal Challengers Bangalore,Royal Challengers Bangalore,field,Rajasthan Royals,Royal Challengers Bangalore,189,7,104,3,Rajasthan Royals,85,0,66,2
116,2017,Sawai Mansingh Stadium,Mumbai Indians,Rajasthan Royals,Rajasthan Royals,field,Mumbai Indians,Rajasthan Royals,163,8,124,7,Mumbai Indians,39,0,88,0
117,2017,Punjab Cricket Association Stadium,Punjab Kings,Delhi Capitals,Punjab Kings,bat,Punjab Kings,Delhi Capitals,207,10,132,10,Punjab Kings,75,0,72,1
118,2017,Arun Jaitley Stadium,Delhi Capitals,Chennai Super Kings,Chennai Super Kings,field,Delhi Capitals,Chennai Super Kings,187,10,135,10,Delhi Capitals,52,0,58,3
119,2017,M.A. Chidambaram Stadium,Rajasthan Royals,Kolkata Knight Riders,Rajasthan Royals,field,Kolkata Knight Riders,Rajasthan Royals,199,4,135,6,Kolkata Knight Riders,64,0,75,3
120,2017,M.A. Chidambaram Stadium,Mumbai Indians,Punjab Kings,Punjab Kings,field,Mumbai Indians,Punjab Kings,214,4,116,7,Mumbai Indians,98,0,60,0
121,2017,Sawai Mansingh Stadium,Chennai Super Kings,Sunrisers Hyderabad,Chennai Super Kings,field,Sunrisers Hyderabad,Chennai Super Kings,188,6,163,3,Sunrisers Hyderabad,25,0,83,2
122,2017,M. Chinnaswamy Stadium,Rajasthan Royals,Punjab Kings,Rajasthan Royals,bat,Rajasthan Royals,Punjab Kings,178,7,87,8,Rajasthan Royals,91,0,40,2
123,2017,Eden Gardens,Royal Challengers Bangalore,Chennai Super Kings,Royal Challengers Bangalore,field,Chennai Super Kings,Royal Challengers Bangalore,185,5,122,3,Chennai Super Kings,63,0,41,0
124,2017,Rajiv Gandhi Stadium,Chennai Super Kings,Sunrisers Hyderabad,Sunrisers Hyderabad,field,Chennai Super Kings,Sunrisers Hyderabad,211,6,126,9,Chennai Super Kings,85,0,76,0
125,2017,Arun Jaitley Stadium,Mumbai Indians,Punjab Kings,Mumbai Indians,field,Punjab Kings,Mumbai Indians,182,8,119,6,Punjab Kings,63,0,56,0
126,2017,M.A. Chidambaram Stadium,Chennai Super Kings,Punjab Kings,Chennai Super Kings,field,Punjab Kings,Chennai Super Kings,180,7,139,4,Punjab Kings,41,0,68,0
127,2017,Arun Jaitley Stadium,Kolkata Knight Riders,Royal Challengers Bangalore,Royal Challengers Bangalore,field,Kolkata Knight Riders,Royal Challengers Bangalore,188,5,124,9,Kolkata Knight Riders,64,0,42,2
128,2017,Rajiv Gandhi Stadium,Royal Challengers Bangalore,Rajasthan Royals,Rajasthan Royals,bat,Rajasthan Royals,Royal Challengers Bangalore,186,4,127,4,Rajasthan Royals,59,0,66,3
129,2017,M.A. Chidambaram Stadium,Delhi Capitals,Chennai Super Kings,Delhi Capitals,field,Chennai Super Kings,Delhi Capitals,174,6,119,6,Chennai Super Kings,55,0,62,2
130,2017,Rajiv Gandhi Stadium,Rajasthan Royals,Mumbai Indians,Mumbai Indians,field,Rajasthan Royals,Mumbai Indians,174,4,134,4,Rajasthan Royals,40,0,93,2
131,2017,Rajiv Gandhi Stadium,Sunrisers Hyderabad,Chennai Super Kings,Sunrisers Hyderabad,field,Chennai Super Kings,Sunrisers Hyderabad,209,10,148,7,Chennai Super Kings,61,0,65,3
132,2017,Sawai Mansingh Stadium,Mumbai Indians,Sunrisers Hyderabad,Mumbai Indians,field,Sunrisers Hyderabad,Mumbai Indians,190,7,154,5,Sunrisers Hyderabad,36,0,61,0
133,2017,Eden Gardens,Delhi Capitals,Kolkata Knight Riders,Kolkata Knight Riders,field,Delhi Capitals,Kolkata Knight Riders,207,5,165,9,Delhi Capitals,42,0,59,3
134,2017,M. Chinnaswamy Stadium,Delhi Capitals,Royal Challengers Bangalore,Delhi Capitals,field,Royal Challengers Bangalore,Delhi Capitals,160,10,81,10,Royal Challengers Bangalore,79,0,41,0
135,2017,Rajiv Gandhi Stadium,Delhi Capitals,Chennai Super Kings,Chennai Super Kings,field,Delhi Capitals,Chennai Super Kings,184,4,152,3,Delhi Capitals,32,0,59,0
136,2017,Wankhede Stadium,Chennai Super Kings,Delhi Capitals,Chennai Super Kings,field,Delhi Capitals,Chennai Super Kings,180,5,125,3,Delhi Capitals,55,0,31,2
137,2017,M.A. Chidambaram Stadium,Kolkata Knight Riders,Punjab Kings,Punjab Kings,field,Kolkata Knight Riders,Punjab Kings,183,7,130,7,Kolkata Knight Riders,53,0,41,2
138,2017,Punjab Cricket Association Stadium,Kolkata Knight Riders,Delhi Capitals,Delhi Capitals,field,Kolkata Knight Riders,Delhi Capitals,187,4,134,9,Kolkata Knight Riders,53,0,50,2
139,2017,M.A. Chidambaram Stadium,Chennai Super Kings,Delhi Capitals,Delhi Capitals,field,Chennai Super Kings,Delhi Capitals,168,10,108,8,Chennai Super Kings,60,0,94,1
140,2017,Wankhede Stadium,Mumbai Indians,Chennai Super Kings,Chennai Super Kings,bat,Chennai Super Kings,Mumbai Indians,192,7,141,7,Chennai Super Kings,51,0,60,1
141,2017,M. Chinnaswamy Stadium,Chennai Super Kings,Punjab Kings,Chennai Super Kings,field,Punjab Kings,Chennai Super Kings,186,5,164,8,Punjab Kings,22,0,40,1
142,2017,Wankhede Stadium,Mumbai Indians,Kolkata Knight Riders,Kolkata Knight Riders,bat,Kolkata Knight Riders,Mumbai Indians,173,7,134,6,Kolkata Knight Riders,39,0,69,0
143,2017,M.A. Chidambaram Stadium,Royal Challengers Bangalore,Sunrisers Hyderabad,Royal Challengers Bangalore,field,Sunrisers Hyderabad,Royal Challengers Bangalore,168,6,135,6,Sunrisers Hyderabad,33,0,43,2
144,2017,Sawai Mansingh Stadium,Chennai Super Kings,Kolkata Knight Riders,Chennai Super Kings,field,Kolkata Knight Riders,Chennai Super Kings,215,10,168,7,Kolkata Knight Riders,47,0,94,0
145,2017,M. Chinnaswamy Stadium,Royal Challengers Bangalore,Punjab Kings,Royal Challengers Bangalore,bat,Royal Challengers Bangalore,Punjab Kings,193,8,92,6,Royal Challengers Bangalore,101,0,84,0
146,2017,Eden Gardens,Chennai Super Kings,Royal Challengers Bangalore,Chennai Super Kings,field,Royal Challengers Bangalore,Chennai Super Kings,202,4,148,3,Royal Challengers Bangalore,54,0,93,0
147,2017,M.A. Chidambaram Stadium,Kolkata Knight Riders,Royal Challengers Bangalore,Royal Challengers Bangalore,bat,Royal Challengers Bangalore,Kolkata Knight Riders,223,5,134,10,Royal Challengers Bangalore,89,0,88,1
148,2017,M. Chinnaswamy Stadium,Mumbai Indians,Delhi Capitals,Delhi Capitals,field,Mumbai Indians,Delhi Capitals,197,6,142,10,Mumbai Indians,55,0,53,0
149,2017,Eden Gardens,Chennai Super Kings,Rajasthan Royals,Rajasthan Royals,field,Chennai Super Kings,Rajasthan Royals,188,8,119,7,Chennai Super Kings,69,0,37,3
150,2017,M.A. Chidambaram Stadium,Sunrisers Hyderabad,Rajasthan Royals,Sunrisers Hyderabad,bat,Sunrisers Hyderabad,Rajasthan Royals,192,4,135,3,Sunrisers Hyderabad,57,0,91,2
151,2017,M.A. Chidambaram Stadium,Chennai Super Kings,Rajasthan Royals,Rajasthan Royals,field,Chennai Super Kings,Rajasthan Royals,228,5,149,5,Chennai Super Kings,79,0,39,2
152,2017,Arun Jaitley Stadium,Delhi Capitals,Rajasthan Royals,Rajasthan Royals,field,Delhi Capitals,Rajasthan Royals,191,6,122,8,Delhi Capitals,69,0,50,2
153,2017,M. Chinnaswamy Stadium,Delhi Capitals,Sunrisers Hyderabad,Delhi Capitals,bat,Delhi Capitals,Sunrisers Hyderabad,202,10,145,6,Delhi Capitals,57,0,51,2
154,2017,M. Chinnaswamy Stadium,Rajasthan Royals,Royal Challengers Bangalore,Rajasthan Royals,field,Royal Challengers Bangalore,Rajasthan Royals,195,7,106,7,Royal Challengers Bangalore,89,0,51,2
155,2017,Rajiv Gandhi Stadium,Kolkata Knight Riders,Punjab Kings,Kolkata Knight Riders,bat,Kolkata Knight Riders,Punjab Kings,187,5,125,4,Kolkata Knight Riders,62,0,45,3
156,2017,Punjab Cricket Association Stadium,Rajasthan Royals,Mumbai Indians,Mumbai Indians,field,Rajasthan Royals,Mumbai Indians,191,6,149,5,Rajasthan Royals,42,0,70,3
157,2017,M.A. Chidambaram Stadium,Rajasthan Royals,Royal Challengers Bangalore,Royal Challengers Bangalore,field,Rajasthan Royals,Royal Challengers Bangalore,185,7,134,5,Rajasthan Royals,51,0,45,2
158,2017,Rajiv Gandhi Stadium,Kolkata Knight Riders,Delhi Capitals,Kolkata Knight Riders,field,Delhi Capitals,Kolkata Knight Riders,188,9,122,7,Delhi Capitals,66,0,83,3
159,2017,Arun Jaitley Stadium,Punjab Kings,Royal Challengers Bangalore,Punjab Kings,field,Royal Challengers Bangalore,Punjab Kings,179,5,110,9,Royal Challengers Bangalore,69,0,33,3
160,2017,Arun Jaitley Stadium,Chennai Super Kings,Delhi Capitals,Chennai Super Kings,field,Delhi Capitals,Chennai Super Kings,173,9,128,4,Delhi Capitals,45,0,60,3
161,2017,Rajiv Gandhi Stadium,Punjab Kings,Chennai Super Kings,Punjab Kings,bat,Punjab Kings,Chennai Super Kings,196,6,156,3,Punjab Kings,40,0,74,0
162,2017,Rajiv Gandhi Stadium,Mumbai Indians,Sunrisers Hyderabad,Sunrisers Hyderabad,field,Mumbai Indians,Sunrisers Hyderabad,199,5,99,4,Mumbai Indians,100,0,32,0
163,2017,M. Chinnaswamy Stadium,Kolkata Knight Riders,Sunrisers Hyderabad,Kolkata Knight Riders,field,Sunrisers Hyderabad,Kolkata Knight Riders,192,8,126,10,Sunrisers Hyderabad,66,0,66,3
164,2017,Arun Jaitley Stadium,Sunrisers Hyderabad,Royal Challengers Bangalore,Royal Challengers Bangalore,field,Sunrisers Hyderabad,Royal Challengers Bangalore,205,9,124,3,Sunrisers Hyderabad,81,0,83,1
165,2017,M. Chinnaswamy Stadium,Punjab Kings,Mumbai Indians,Mumbai Indians,bat,Mumbai Indians,Punjab Kings,188,5,100,10,Mumbai Indians,88,0,45,1
166,2017,Arun Jaitley Stadium,Kolkata Knight Riders,Royal Challengers Bangalore,Royal Challengers Bangalore,bat,Royal Challengers Bangalore,Kolkata Knight Riders,166,5,129,3,Royal Challengers Bangalore,37,0,36,1
167,2017,Rajiv Gandhi Stadium,Chennai Super Kings,Punjab Kings,Chennai Super Kings,bat,Chennai Super Kings,Punjab Kings,198,5,100,7,Chennai Super Kings,98,0,32,2
168,2017,Punjab Cricket Association Stadium,Sunrisers Hyderabad,Kolkata Knight Riders,Kolkata Knight Riders,bat,Kolkata Knight Riders,Sunrisers Hyderabad,172,5,102,3,Kolkata Knight Riders,70,0,62,0
169,2018,Wankhede Stadium,Royal Challengers Bangalore,Chennai Super Kings,Royal Challengers Bangalore,field,Chennai Super Kings,Royal Challengers Bangalore,191,4,112,4,Chennai Super Kings,79,0,34,1
170,2018,Rajiv Gandhi Stadium,Kolkata Knight Riders,Rajasthan Royals,Rajasthan Royals,bat,Rajasthan Royals,Kolkata Knight Riders,192,6,117,10,Rajasthan Royals,75,0,92,0
171,2018,Sawai Mansingh Stadium,Chennai Super Kings,Punjab Kings,Punjab Kings,field,Chennai Super Kings,Punjab Kings,179,4,115,10,Chennai Super Kings,64,0,87,3
172,2018,Punjab Cricket Association Stadium,Royal Challengers Bangalore,Delhi Capitals,Delhi Capitals,field,Royal Challengers Bangalore,Delhi Capitals,192,4,110,5,Royal Challengers Bangalore,82,0,79,2
173,2018,Punjab Cricket Association Stadium,Chennai Super Kings,Rajasthan Royals,Rajasthan Royals,field,Chennai Super Kings,Rajasthan Royals,207,10,142,9,Chennai Super Kings,65,0,77,1
174,2018,M.A. Chidambaram Stadium,Chennai Super Kings,Royal Challengers Bangalore,Chennai Super Kings,field,Royal Challengers Bangalore,Chennai Super Kings,215,10,159,10,Royal Challengers Bangalore,56,0,37,0
175,2018,Sawai Mansingh Stadium,Chennai Super Kings,Punjab Kings,Punjab Kings,field,Chennai Super Kings,Punjab Kings,171,4,121,9,Chennai Super Kings,50,0,50,1
176,2018,Eden Gardens,Royal Challengers Bangalore,Chennai Super Kings,Royal Challengers Bangalore,bat,Royal Challengers Bangalore,Chennai Super Kings,187,9,150,7,Royal Challengers Bangalore,37,0,90,3
177,2018,Arun Jaitley Stadium,Rajasthan Royals,Punjab Kings,Rajasthan Royals,field,Punjab Kings,Rajasthan Royals,169,5,108,8,Punjab Kings,61,0,32,3
178,2018,Wankhede Stadium,Chennai Super Kings,Royal Challengers Bangalore,Chennai Super Kings,field,Royal Challengers Bangalore,Chennai Super Kings,189,6,152,3,Royal Challengers Bangalore,37,0,52,3
179,2018,Rajiv Gandhi Stadium,Rajasthan Royals,Mumbai Indians,Rajasthan Royals,field,Mumbai Indians,Rajasthan Royals,167,7,134,9,Mumbai Indians,33,0,68,1
180,2018,Punjab Cricket Association Stadium,Mumbai Indians,Delhi Capitals,Mumbai Indians,bat,Mumbai Indians,Delhi Capitals,193,8,104,5,Mumbai Indians,89,0,86,0
181,2018,Wankhede Stadium,Mumbai Indians,Royal Challengers Bangalore,Mumbai Indians,bat,Mumbai Indians,Royal Challengers Bangalore,211,6,138,9,Mumbai Indians,73,0,88,2
182,2018,Eden Gardens,Royal Challengers Bangalore,Delhi Capitals,Delhi Capitals,field,Royal Challengers Bangalore,Delhi Capitals,187,9,115,4,Royal Challengers Bangalore,72,0,51,3
183,2018,Wankhede Stadium,Kolkata Knight Riders,Sunrisers Hyderabad,Sunrisers Hyderabad,bat,Sunrisers Hyderabad,Kolkata Knight Riders,187,10,143,3,Sunrisers Hyderabad,44,0,48,2
184,2018,Wankhede Stadium,Royal Challengers Bangalore,Mumbai Indians,Mumbai Indians,field,Royal Challengers Bangalore,Mumbai Indians,192,4,127,6,Royal Challengers Bangalore,65,0,37,1
185,2018,Rajiv Gandhi Stadium,Mumbai Indians,Rajasthan Royals,Rajasthan Royals,bat,Rajasthan Royals,Mumbai Indians,197,9,136,4,Rajasthan Royals,61,0,50,0
186,2018,M. Chinnaswamy Stadium,Mumbai Indians,Punjab Kings,Mumbai Indians,field,Punjab Kings,Mumbai Indians,198,10,184,10,Punjab Kings,14,0,83,3
187,2018,Punjab Cricket Association Stadium,Delhi Capitals,Kolkata Knight Riders,Delhi Capitals,field,Kolkata Knight Riders,Delhi Capitals,179,10,128,6,Kolkata Knight Riders,51,0,57,3
188,2018,M.A. Chidambaram Stadium,Chennai Super Kings,Sunrisers Hyderabad,Chennai Super Kings,field,Sunrisers Hyderabad,Chennai Super Kings,180,4,141,4,Sunrisers Hyderabad,39,0,46,0
189,2018,M.A. Chidambaram Stadium,Chennai Super Kings,Rajasthan Royals,Chennai Super Kings,field,Rajasthan Royals,Chennai Super Kings,181,8,173,6,Rajasthan Royals,8,0,85,0
190,2018,Punjab Cricket Association Stadium,Royal Challengers Bangalore,Kolkata Knight Riders,Royal Challengers Bangalore,field,Kolkata Knight Riders,Royal Challengers Bangalore,155,9,88,4,Kolkata Knight Riders,67,0,83,1
191,2018,M. Chinnaswamy Stadium,Royal Challengers Bangalore,Mumbai Indians,Royal Challengers Bangalore,field,Mumbai Indians,Royal Challengers Bangalore,192,10,116,8,Mumbai Indians,76,0,74,0
192,2018,M. Chinnaswamy Stadium,Mumbai Indians,Punjab Kings,Punjab Kings,field,Mumbai Indians,Punjab Kings,194,9,119,9,Mumbai Indians,75,0,59,0
193,2018,Arun Jaitley Stadium,Punjab Kings,Royal Challengers Bangalore,Royal Challengers Bangalore,field,Punjab Kings,Royal Challengers Bangalore,192,7,113,3,Punjab Kings,79,0,44,0
194,2018,Eden Gardens,Royal Challengers Bangalore,Punjab Kings,Royal Challengers Bangalore,bat,Royal Challengers Bangalore,Punjab Kings,194,7,124,5,Royal Challengers Bangalore,70,0,56,0
195,2018,M.A. Chidambaram Stadium,Chennai Super Kings,Rajasthan Royals,Chennai Super Kings,field,Rajasthan Royals,Chennai Super Kings,179,10,136,4,Rajasthan Royals,43,0,91,0
196,2018,Eden Gardens,Royal Challengers Bangalore,Kolkata Knight Riders,Kolkata Knight Riders,field,Royal Challengers Bangalore,Kolkata Knight Riders,191,9,131,6,Royal Challengers Bangalore,60,0,61,2
197,2018,Eden Gardens,Delhi Capitals,Mumbai Indians,Mumbai Indians,bat,Mumbai Indians,Delhi Capitals,186,10,114,4,Mumbai Indians,72,0,85,3
198,2018,Rajiv Gandhi Stadium,Mumbai Indians,Royal Challengers Bangalore,Royal Challengers Bangalore,bat,Royal Challengers Bangalore,Mumbai Indians,204,6,139,3,Royal Challengers Bangalore,65,0,67,3
199,2018,Arun Jaitley Stadium,Sunrisers Hyderabad,Royal Challengers Bangalore,Sunrisers Hyderabad,bat,Sunrisers Hyderabad,Royal Challengers Bangalore,187,6,116,7,Sunrisers Hyderabad,71,0,33,1
200,2018,Eden Gardens,Chennai Super Kings,Mumbai Indians,Mumbai Indians,bat,Mumbai Indians,Chennai Super Kings,169,5,132,7,Mumbai Indians,37,0,66,1
201,2018,M. Chinnaswamy Stadium,Rajasthan Royals,Punjab Kings,Rajasthan Royals,field,Punjab Kings,Rajasthan Royals,209,8,107,8,Punjab Kings,102,0,82,2
202,2018,M.A. Chidambaram Stadium,Kolkata Knight Riders,Punjab Kings,Kolkata Knight Riders,field,Punjab Kings,Kolkata Knight Riders,198,7,124,5,Punjab Kings,74,0,30,3
203,2018,Arun Jaitley Stadium,Kolkata Knight Riders,Chennai Super Kings,Kolkata Knight Riders,field,Chennai Super Kings,Kolkata Knight Riders,184,5,107,5,Chennai Super Kings,77,0,66,2
204,2018,Rajiv Gandhi Stadium,Royal Challengers Bangalore,Rajasthan Royals,Rajasthan Royals,field,Royal Challengers Bangalore,Rajasthan Royals,183,9,92,7,Royal Challengers Bangalore,91,0,40,2
205,2018,Arun Jaitley Stadium,Rajasthan Royals,Royal Challengers Bangalore,Royal Challengers Bangalore,bat,Royal Challengers Bangalore,Rajasthan Royals,187,9,131,9,Royal Challengers Bangalore,56,0,84,1
206,2018,Eden Gardens,Sunrisers Hyderabad,Delhi Capitals,Sunrisers Hyderabad,field,Delhi Capitals,Sunrisers Hyderabad,190,6,121,4,Delhi Capitals,69,0,80,2
207,2018,Punjab Cricket Association Stadium,Mumbai Indians,Chennai Super Kings,Chennai Super Kings,bat,Chennai Super Kings,Mumbai Indians,182,10,124,8,Chennai Super Kings,58,0,88,0
208,2018,M.A. Chidambaram Stadium,Chennai Super Kings,Mumbai Indians,Mumbai Indians,field,Chennai Super Kings,Mumbai Indians,180,9,151,7,Chennai Super Kings,29,0,70,3
209,2018,M.A. Chidambaram Stadium,Rajasthan Royals,Kolkata Knight Riders,Rajasthan Royals,bat,Rajasthan Royals,Kolkata Knight Riders,174,8,116,3,Rajasthan Royals,58,0,44,0
210,2018,Eden Gardens,Punjab Kings,Mumbai Indians,Mumbai Indians,bat,Mumbai Indians,Punjab Kings,176,7,121,8,Mumbai Indians,55,0,32,1
211,2018,Eden Gardens,Punjab Kings,Royal Challengers Bangalore,Royal Challengers Bangalore,bat,Royal Challengers Bangalore,Punjab Kings,195,9,113,6,Royal Challengers Bangalore,82,0,42,3
212,2018,Rajiv Gandhi Stadium,Chennai Super Kings,Delhi Capitals,Delhi Capitals,bat,Delhi Capitals,Chennai Super Kings,182,10,134,3,Delhi Capitals,48,0,46,0
213,2018,Wankhede Stadium,Mumbai Indians,Kolkata Knight Riders,Mumbai Indians,bat,Mumbai Indians,Kolkata Knight Riders,164,5,119,6,Mumbai Indians,45,0,83,3
214,2018,M. Chinnaswamy Stadium,Chennai Super Kings,Royal Challengers Bangalore,Royal Challengers Bangalore,bat,Royal Challengers Bangalore,Chennai Super Kings,181,10,162,8,Royal Challengers Bangalore,19,0,63,1
215,2018,Wankhede Stadium,Rajasthan Royals,Punjab Kings,Rajasthan Royals,bat,Rajasthan Royals,Punjab Kings,204,4,140,9,Rajasthan Royals,64,0,79,3
216,2018,Eden Gardens,Royal Challengers Bangalore,Mumbai Indians,Royal Challengers Bangalore,bat,Royal Challengers Bangalore,Mumbai Indians,177,7,146,4,Royal Challengers Bangalore,31,0,44,2
217,2018,M.A. Chidambaram Stadium,Mumbai Indians,Sunrisers Hyderabad,Mumbai Indians,field,Sunrisers Hyderabad,Mumbai Indians,201,5,159,9,Sunrisers Hyderabad,42,0,52,0
218,2018,Arun Jaitley Stadium,Mumbai Indians,Kolkata Knight Riders,Mumbai Indians,field,Kolkata Knight Riders,Mumbai Indians,210,8,143,4,Kolkata Knight Riders,67,0,46,0
219,2018,M.A. Chidambaram Stadium,Delhi Capitals,Mumbai Indians,Mumbai Indians,bat,Mumbai Indians,Delhi Capitals,202,10,120,4,Mumbai Indians,82,0,45,0
220,2018,M. Chinnaswamy Stadium,Mumbai Indians,Rajasthan Royals,Mumbai Indians,bat,Mumbai Indians,Rajasthan Royals,197,7,141,8,Mumbai Indians,56,0,73,0
221,2018,Eden Gardens,Royal Challengers Bangalore,Mumbai Indians,Royal Challengers Bangalore,field,Mumbai Indians,Royal Challengers Bangalore,201,10,151,7,Mumbai Indians,50,0,75,0
222,2018,Eden Gardens,Sunrisers Hyderabad,Royal Challengers Bangalore,Sunrisers Hyderabad,field,Royal Challengers Bangalore,Sunrisers Hyderabad,181,8,120,5,Royal Challengers Bangalore,61,0,54,3
223,2018,Punjab Cricket Association Stadium,Delhi Capitals,Punjab Kings,Delhi Capitals,bat,Delhi Capitals,Punjab Kings,181,5,124,5,Delhi Capitals,57,0,76,1
224,2018,M.A. Chidambaram Stadium,Rajasthan Royals,Royal Challengers Bangalore,Rajasthan Royals,bat,Rajasthan Royals,Royal Challengers Bangalore,187,10,124,5,Rajasthan Royals,63,0,61,2
225,2019,Punjab Cricket Association Stadium,Punjab Kings,Kolkata Knight Riders,Punjab Kings,field,Kolkata Knight Riders,Punjab Kings,194,7,149,9,Kolkata Knight Riders,45,0,73,1
226,2019,Rajiv Gandhi Stadium,Royal Challengers Bangalore,Punjab Kings,Punjab Kings,bat,Punjab Kings,Royal Challengers Bangalore,176,5,109,3,Punjab Kings,67,0,55,0
227,2019,Punjab Cricket Association Stadium,Sunrisers Hyderabad,Kolkata Knight Riders,Kolkata Knight Riders,field,Sunrisers Hyderabad,Kolkata Knight Riders,193,10,137,6,Sunrisers Hyderabad,56,0,83,3
228,2019,M. Chinnaswamy Stadium,Royal Challengers Bangalore,Kolkata Knight Riders,Kolkata Knight Riders,field,Royal Challengers Bangalore,Kolkata Knight Riders,169,8,122,4,Royal Challengers Bangalore,47,0,50,1
229,2019,M. Chinnaswamy Stadium,Chennai Super Kings,Royal Challengers Bangalore,Chennai Super Kings,bat,Chennai Super Kings,Royal Challengers Bangalore,167,6,111,6,Chennai Super Kings,56,0,62,0
230,2019,Arun Jaitley Stadium,Chennai Super Kings,Punjab Kings,Punjab Kings,bat,Punjab Kings,Chennai Super Kings,160,6,127,4,Punjab Kings,33,0,91,0
231,2019,Rajiv Gandhi Stadium,Sunrisers Hyderabad,Punjab Kings,Punjab Kings,field,Sunrisers Hyderabad,Punjab Kings,207,6,108,7,Sunrisers Hyderabad,99,0,46,2
232,2019,Punjab Cricket Association Stadium,Kolkata Knight Riders,Rajasthan Royals,Rajasthan Royals,field,Kolkata Knight Riders,Rajasthan Royals,201,6,149,6,Kolkata Knight Riders,52,0,73,0
233,2019,Eden Gardens,Royal Challengers Bangalore,Chennai Super Kings,Royal Challengers Bangalore,bat,Royal Challengers Bangalore,Chennai Super Kings,191,6,155,8,Royal Challengers Bangalore,36,0,56,0
234,2019,Wankhede Stadium,Punjab Kings,Rajasthan Royals,Rajasthan Royals,bat,Rajasthan Royals,Punjab Kings,193,7,132,6,Rajasthan Royals,61,0,64,2
235,2019,M. Chinnaswamy Stadium,Punjab Kings,Kolkata Knight Riders,Kolkata Knight Riders,bat,Kolkata Knight Riders,Punjab Kings,206,4,112,4,Kolkata Knight Riders,94,0,55,0
236,2019,M. Chinnaswamy Stadium,Punjab Kings,Rajasthan Royals,Rajasthan Royals,field,Punjab Kings,Rajasthan Royals,166,7,127,7,Punjab Kings,39,0,40,3
237,2019,M. Chinnaswamy Stadium,Rajasthan Royals,Chennai Super Kings,Chennai Super Kings,field,Rajasthan Royals,Chennai Super Kings,196,9,163,6,Rajasthan Royals,33,0,52,1
238,2019,Wankhede Stadium,Royal Challengers Bangalore,Punjab Kings,Punjab Kings,bat,Punjab Kings,Royal Challengers Bangalore,165,6,117,10,Punjab Kings,48,0,92,0
239,2019,Wankhede Stadium,Chennai Super Kings,Punjab Kings,Chennai Super Kings,field,Punjab Kings,Chennai Super Kings,176,9,135,7,Punjab Kings,41,0,91,0
240,2019,Wankhede Stadium,Royal Challengers Bangalore,Punjab Kings,Punjab Kings,bat,Punjab Kings,Royal Challengers Bangalore,180,6,117,8,Punjab Kings,63,0,76,3
241,2019,M. Chinnaswamy Stadium,Mumbai Indians,Chennai Super Kings,Mumbai Indians,field,Chennai Super Kings,Mumbai Indians,202,6,131,5,Chennai Super Kings,71,0,86,1
242,2019,Sawai Mansingh Stadium,Delhi Capitals,Chennai Super Kings,Delhi Capitals,bat,Delhi Capitals,Chennai Super Kings,204,6,143,4,Delhi Capitals,61,0,38,0
243,2019,Eden Gardens,Rajasthan Royals,Kolkata Knight Riders,Rajasthan Royals,field,Kolkata Knight Riders,Rajasthan Royals,187,4,133,3,Kolkata Knight Riders,54,0,44,3
244,2019,Rajiv Gandhi Stadium,Delhi Capitals,Mumbai Indians,Delhi Capitals,field,Mumbai Indians,Delhi Capitals,180,8,125,8,Mumbai Indians,55,0,35,3
245,2019,Punjab Cricket Association Stadium,Sunrisers Hyderabad,Mumbai Indians,Sunrisers Hyderabad,field,Mumbai Indians,Sunrisers Hyderabad,191,7,88,10,Mumbai Indians,103,0,47,0
246,2019,Wankhede Stadium,Chennai Super Kings,Delhi Capitals,Delhi Capitals,field,Chennai Super Kings,Delhi Capitals,183,9,162,3,Chennai Super Kings,21,0,78,3
247,2019,M. Chinnaswamy Stadium,Punjab Kings,Kolkata Knight Riders,Kolkata Knight Riders,field,Punjab Kings,Kolkata Knight Riders,177,5,118,3,Punjab Kings,59,0,49,2
248,2019,Rajiv Gandhi Stadium,Delhi Capitals,Punjab Kings,Punjab Kings,field,Delhi Capitals,Punjab Kings,192,9,102,7,Delhi Capitals,90,0,34,2
249,2019,Sawai Mansingh Stadium,Royal Challengers Bangalore,Mumbai Indians,Royal Challengers Bangalore,bat,Royal Challengers Bangalore,Mumbai Indians,190,6,114,8,Royal Challengers Bangalore,76,0,76,2
250,2019,Rajiv Gandhi Stadium,Punjab Kings,Rajasthan Royals,Rajasthan Royals,field,Punjab Kings,Rajasthan Royals,200,4,128,3,Punjab Kings,72,0,37,1
251,2019,M. Chinnaswamy Stadium,Rajasthan Royals,Royal Challengers Bangalore,Royal Challengers Bangalore,field,Rajasthan Royals,Royal Challengers Bangalore,188,6,149,3,Rajasthan Royals,39,0,32,1
252,2019,Sawai Mansingh Stadium,Rajasthan Royals,Punjab Kings,Punjab Kings,field,Rajasthan Royals,Punjab Kings,173,7,101,5,Rajasthan Royals,72,0,59,0
253,2019,Punjab Cricket Association Stadium,Kolkata Knight Riders,Delhi Capitals,Delhi Capitals,field,Kolkata Knight Riders,Delhi Capitals,217,6,117,8,Kolkata Knight Riders,100,0,80,3
254,2019,M. Chinnaswamy Stadium,Rajasthan Royals,Chennai Super Kings,Chennai Super Kings,field,Rajasthan Royals,Chennai Super Kings,188,6,153,3,Rajasthan Royals,35,0,39,3
255,2019,Sawai Mansingh Stadium,Sunrisers Hyderabad,Royal Challengers Bangalore,Sunrisers Hyderabad,field,Royal Challengers Bangalore,Sunrisers Hyderabad,204,8,117,9,Royal Challengers Bangalore,87,0,54,3
256,2019,M.A. Chidambaram Stadium,Mumbai Indians,Punjab Kings,Mumbai Indians,field,Punjab Kings,Mumbai Indians,175,7,142,7,Punjab Kings,33,0,69,2
257,2019,Eden Gardens,Royal Challengers Bangalore,Punjab Kings,Punjab Kings,field,Royal Challengers Bangalore,Punjab Kings,169,4,98,5,Royal Challengers Bangalore,71,0,45,1
258,2019,Arun Jaitley Stadium,Kolkata Knight Riders,Chennai Super Kings,Kolkata Knight Riders,bat,Kolkata Knight Riders,Chennai Super Kings,201,10,112,10,Kolkata Knight Riders,89,0,37,2
259,2019,Wankhede Stadium,Royal Challengers Bangalore,Kolkata Knight Riders,Royal Challengers Bangalore,bat,Royal Challengers Bangalore,Kolkata Knight Riders,190,6,139,7,Royal Challengers Bangalore,51,0,31,0
260,2019,Arun Jaitley Stadium,Chennai Super Kings,Punjab Kings,Punjab Kings,field,Chennai Super Kings,Punjab Kings,198,4,87,7,Chennai Super Kings,111,0,33,1
261,2019,Rajiv Gandhi Stadium,Kolkata Knight Riders,Chennai Super Kings,Kolkata Knight Riders,field,Chennai Super Kings,Kolkata Knight Riders,188,8,120,7,Chennai Super Kings,68,0,50,1
262,2019,M. Chinnaswamy Stadium,Chennai Super Kings,Mumbai Indians,Chennai Super Kings,bat,Chennai Super Kings,Mumbai Indians,222,8,174,7,Chennai Super Kings,48,0,92,1
263,2019,Wankhede Stadium,Rajasthan Royals,Royal Challengers Bangalore,Royal Challengers Bangalore,bat,Royal Challengers Bangalore,Rajasthan Royals,191,9,122,5,Royal Challengers Bangalore,69,0,64,2
264,2019,Arun Jaitley Stadium,Kolkata Knight Riders,Rajasthan Royals,Kolkata Knight Riders,field,Rajasthan Royals,Kolkata Knight Riders,160,9,99,6,Rajasthan Royals,61,0,52,0
265,2019,M.A. Chidambaram Stadium,Kolkata Knight Riders,Royal Challengers Bangalore,Royal Challengers Bangalore,bat,Royal Challengers Bangalore,Kolkata Knight Riders,176,5,128,9,Royal Challengers Bangalore,48,0,65,1
266,2019,Rajiv Gandhi Stadium,Punjab Kings,Sunrisers Hyderabad,Sunrisers Hyderabad,bat,Sunrisers Hyderabad,Punjab Kings,190,6,134,7,Sunrisers Hyderabad,56,0,38,2
267,2019,Rajiv Gandhi Stadium,Rajasthan Royals,Kolkata Knight Riders,Kolkata Knight Riders,bat,Kolkata Knight Riders,Rajasthan Royals,202,5,128,7,Kolkata Knight Riders,74,0,77,2
268,2019,Punjab Cricket Association Stadium,Kolkata Knight Riders,Mumbai Indians,Mumbai Indians,field,Kolkata Knight Riders,Mumbai Indians,190,5,156,3,Kolkata Knight Riders,34,0,82,0
269,2019,Eden Gardens,Mumbai Indians,Kolkata Knight Riders,Mumbai Indians,field,Kolkata Knight Riders,Mumbai Indians,191,9,145,6,Kolkata Knight Riders,46,0,85,0
270,2019,Wankhede Stadium,Sunrisers Hyderabad,Mumbai Indians,Sunrisers Hyderabad,field,Mumbai Indians,Sunrisers Hyderabad,174,9,110,3,Mumbai Indians,64,0,47,2
271,2019,Arun Jaitley Stadium,Delhi Capitals,Rajasthan Royals,Delhi Capitals,bat,Delhi Capitals,Rajasthan Royals,190,8,116,8,Delhi Capitals,74,0,49,3
272,2019,Sawai Mansingh Stadium,Punjab Kings,Chennai Super Kings,Chennai Super Kings,bat,Chennai Super Kings,Punjab Kings,175,7,80,5,Chennai Super Kings,95,0,59,2
273,2019,M.A. Chidambaram Stadium,Delhi Capitals,Sunrisers Hyderabad,Delhi Capitals,bat,Delhi Capitals,Sunrisers Hyderabad,158,5,132,7,Delhi Capitals,26,0,74,1
274,2019,Punjab Cricket Association Stadium,Sunrisers Hyderabad,Punjab Kings,Punjab Kings,field,Sunrisers Hyderabad,Punjab Kings,182,8,106,4,Sunrisers Hyderabad,76,0,46,3
275,2019,M.A. Chidambaram Stadium,Chennai Super Kings,Punjab Kings,Chennai Super Kings,field,Punjab Kings,Chennai Super Kings,185,6,115,8,Punjab Kings,70,0,45,3
276,2019,Sawai Mansingh Stadium,Punjab Kings,Kolkata Knight Riders,Kolkata Knight Riders,field,Punjab Kings,Kolkata Knight Riders,219,5,162,6,Punjab Kings,57,0,52,1
277,2019,Eden Gardens,Delhi Capitals,Mumbai Indians,Mumbai Indians,bat,Mumbai Indians,Delhi Capitals,191,9,140,7,Mumbai Indians,51,0,56,3
278,2019,Punjab Cricket Association Stadium,Chennai Super Kings,Sunrisers Hyderabad,Chennai Super Kings,field,Sunrisers Hyderabad,Chennai Super Kings,204,4,163,6,Sunrisers Hyderabad,41,0,37,0
279,2019,M. Chinnaswamy Stadium,Mumbai Indians,Kolkata Knight Riders,Kolkata Knight Riders,bat,Kolkata Knight Riders,Mumbai Indians,203,6,141,10,Kolkata Knight Riders,62,0,58,2
280,2019,Sawai Mansingh Stadium,Kolkata Knight Riders,Chennai Super Kings,Kolkata Knight Riders,bat,Kolkata Knight Riders,Chennai Super Kings,189,5,152,5,Kolkata Knight Riders,37,0,64,2
281,2020,M. Chinnaswamy Stadium,Mumbai Indians,Punjab Kings,Mumbai Indians,field,Punjab Kings,Mumbai Indians,174,9,124,8,Punjab Kings,50,0,60,1
282,2020,Punjab Cricket Association Stadium,Rajasthan Royals,Punjab Kings,Rajasthan Royals,bat,Rajasthan Royals,Punjab Kings,181,6,85,3,Rajasthan Royals,96,0,90,0
283,2020,Wankhede Stadium,Kolkata Knight Riders,Punjab Kings,Punjab Kings,field,Kolkata Knight Riders,Punjab Kings,183,7,88,7,Kolkata Knight Riders,95,0,92,2
284,2020,M.A. Chidambaram Stadium,Rajasthan Royals,Chennai Super Kings,Chennai Super Kings,field,Rajasthan Royals,Chennai Super Kings,203,10,145,5,Rajasthan Royals,58,0,50,3
285,2020,Sawai Mansingh Stadium,Mumbai Indians,Kolkata Knight Riders,Kolkata Knight Riders,field,Mumbai Indians,Kolkata Knight Riders,195,7,149,8,Mumbai Indians,46,0,76,0
286,2020,Wankhede Stadium,Chennai Super Kings,Royal Challengers Bangalore,Chennai Super Kings,bat,Chennai Super Kings,Royal Challengers Bangalore,216,9,128,5,Chennai Super Kings,88,0,57,3
287,2020,Sawai Mansingh Stadium,Kolkata Knight Riders,Royal Challengers Bangalore,Royal Challengers Bangalore,field,Kolkata Knight Riders,Royal Challengers Bangalore,173,9,134,6,Kolkata Knight Riders,39,0,37,0
288,2020,Sawai Mansingh Stadium,Delhi Capitals,Rajasthan Royals,Rajasthan Royals,field,Delhi Capitals,Rajasthan Royals,205,10,125,3,Delhi Capitals,80,0,64,2
289,2020,Wankhede Stadium,Punjab Kings,Rajasthan Royals,Rajasthan Royals,field,Punjab Kings,Rajasthan Royals,192,8,114,9,Punjab Kings,78,0,41,0
290,2020,M.A. Chidambaram Stadium,Kolkata Knight Riders,Sunrisers Hyderabad,Sunrisers Hyderabad,field,Kolkata Knight Riders,Sunrisers Hyderabad,175,5,110,10,Kolkata Knight Riders,65,0,81,2
291,2020,Punjab Cricket Association Stadium,Punjab Kings,Rajasthan Royals,Rajasthan Royals,bat,Rajasthan Royals,Punjab Kings,189,8,92,8,Rajasthan Royals,97,0,85,3
292,2020,Punjab Cricket Association Stadium,Sunrisers Hyderabad,Royal Challengers Bangalore,Royal Challengers Bangalore,bat,Royal Challengers Bangalore,Sunrisers Hyderabad,194,10,104,10,Royal Challengers Bangalore,90,0,51,1
293,2020,Punjab Cricket Association Stadium,Punjab Kings,Chennai Super Kings,Chennai Super Kings,field,Punjab Kings,Chennai Super Kings,185,4,139,9,Punjab Kings,46,0,86,2
294,2020,Punjab Cricket Association Stadium,Kolkata Knight Riders,Royal Challengers Bangalore,Royal Challengers Bangalore,field,Kolkata Knight Riders,Royal Challengers Bangalore,194,10,138,9,Kolkata Knight Riders,56,0,68,0
295,2020,M. Chinnaswamy Stadium,Punjab Kings,Delhi Capitals,Delhi Capitals,field,Punjab Kings,Delhi Capitals,204,4,145,5,Punjab Kings,59,0,77,1
296,2020,M. Chinnaswamy Stadium,Punjab Kings,Delhi Capitals,Punjab Kings,field,Delhi Capitals,Punjab Kings,205,5,141,8,Delhi Capitals,64,0,83,3
297,2020,Rajiv Gandhi Stadium,Punjab Kings,Mumbai Indians,Mumbai Indians,field,Punjab Kings,Mumbai Indians,180,9,152,4,Punjab Kings,28,0,51,3
298,2020,Eden Gardens,Sunrisers Hyderabad,Royal Challengers Bangalore,Royal Challengers Bangalore,bat,Royal Challengers Bangalore,Sunrisers Hyderabad,195,10,122,7,Royal Challengers Bangalore,73,0,91,3
299,2020,Sawai Mansingh Stadium,Kolkata Knight Riders,Punjab Kings,Punjab Kings,bat,Punjab Kings,Kolkata Knight Riders,205,8,153,3,Punjab Kings,52,0,83,3
300,2020,M.A. Chidambaram Stadium,Punjab Kings,Royal Challengers Bangalore,Punjab Kings,bat,Punjab Kings,Royal Challengers Bangalore,176,6,107,7,Punjab Kings,69,0,68,0
301,2020,Sawai Mansingh Stadium,Punjab Kings,Mumbai Indians,Mumbai Indians,field,Punjab Kings,Mumbai Indians,192,9,150,8,Punjab Kings,42,0,42,2
302,2020,Rajiv Gandhi Stadium,Rajasthan Royals,Mumbai Indians,Rajasthan Royals,field,Mumbai Indians,Rajasthan Royals,204,9,119,3,Mumbai Indians,85,0,86,3
303,2020,Punjab Cricket Association Stadium,Rajasthan Royals,Mumbai Indians,Rajasthan Royals,bat,Rajasthan Royals,Mumbai Indians,192,6,142,8,Rajasthan Royals,50,0,41,0
304,2020,Rajiv Gandhi Stadium,Rajasthan Royals,Chennai Super Kings,Rajasthan Royals,bat,Rajasthan Royals,Chennai Super Kings,195,9,149,8,Rajasthan Royals,46,0,79,1
305,2020,Eden Gardens,Mumbai Indians,Kolkata Knight Riders,Kolkata Knight Riders,bat,Kolkata Knight Riders,Mumbai Indians,209,7,152,5,Kolkata Knight Riders,57,0,46,1
306,2020,Eden Gardens,Rajasthan Royals,Chennai Super Kings,Chennai Super Kings,field,Rajasthan Royals,Chennai Super Kings,196,9,169,5,Rajasthan Royals,27,0,87,3
307,2020,Punjab Cricket Association Stadium,Delhi Capitals,Rajasthan Royals,Rajasthan Royals,field,Delhi Capitals,Rajasthan Royals,202,9,142,6,Delhi Capitals,60,0,56,0
308,2020,Eden Gardens,Sunrisers Hyderabad,Mumbai Indians,Mumbai Indians,bat,Mumbai Indians,Sunrisers Hyderabad,186,5,126,5,Mumbai Indians,60,0,53,0
309,2020,Wankhede Stadium,Delhi Capitals,Rajasthan Royals,Delhi Capitals,bat,Delhi Capitals,Rajasthan Royals,191,7,141,9,Delhi Capitals,50,0,33,2
310,2020,M.A. Chidambaram Stadium,Royal Challengers Bangalore,Delhi Capitals,Royal Challengers Bangalore,field,Delhi Capitals,Royal Challengers Bangalore,203,4,121,6,Delhi Capitals,82,0,67,0
311,2020,M. Chinnaswamy Stadium,Delhi Capitals,Chennai Super Kings,Chennai Super Kings,bat,Chennai Super Kings,Delhi Capitals,192,10,132,9,Chennai Super Kings,60,0,47,0
312,2020,Wankhede Stadium,Chennai Super Kings,Delhi Capitals,Delhi Capitals,bat,Delhi Capitals,Chennai Super Kings,197,8,148,7,Delhi Capitals,49,0,84,0
313,2020,Punjab Cricket Association Stadium,Mumbai Indians,Rajasthan Royals,Rajasthan Royals,field,Mumbai Indians,Rajasthan Royals,187,7,156,9,Mumbai Indians,31,0,92,3
314,2020,Rajiv Gandhi Stadium,Royal Challengers Bangalore,Chennai Super Kings,Royal Challengers Bangalore,field,Chennai Super Kings,Royal Challengers Bangalore,188,9,116,10,Chennai Super Kings,72,0,30,0
315,2020,Sawai Mansingh Stadium,Delhi Capitals,Kolkata Knight Riders,Kolkata Knight Riders,field,Delhi Capitals,Kolkata Knight Riders,184,9,128,3,Delhi Capitals,56,0,74,1
316,2020,Eden Gardens,Kolkata Knight Riders,Chennai Super Kings,Kolkata Knight Riders,field,Chennai Super Kings,Kolkata Knight Riders,191,4,135,4,Chennai Super Kings,56,0,55,2
317,2020,Arun Jaitley Stadium,Chennai Super Kings,Sunrisers Hyderabad,Chennai Super Kings,field,Sunrisers Hyderabad,Chennai Super Kings,190,10,132,5,Sunrisers Hyderabad,58,0,92,2
318,2020,Arun Jaitley Stadium,Delhi Capitals,Mumbai Indians,Delhi Capitals,field,Mumbai Indians,Delhi Capitals,207,4,145,9,Mumbai Indians,62,0,79,0
319,2020,Punjab Cricket Association Stadium,Sunrisers Hyderabad,Chennai Super Kings,Sunrisers Hyderabad,bat,Sunrisers Hyderabad,Chennai Super Kings,186,9,136,6,Sunrisers Hyderabad,50,0,74,1
320,2020,Rajiv Gandhi Stadium,Sunrisers Hyderabad,Chennai Super Kings,Sunrisers Hyderabad,bat,Sunrisers Hyderabad,Chennai Super Kings,198,10,138,4,Sunrisers Hyderabad,60,0,86,3
321,2020,M. Chinnaswamy Stadium,Kolkata Knight Riders,Sunrisers Hyderabad,Kolkata Knight Riders,field,Sunrisers Hyderabad,Kolkata Knight Riders,201,9,129,10,Sunrisers Hyderabad,72,0,33,0
322,2020,Wankhede Stadium,Chennai Super Kings,Kolkata Knight Riders,Chennai Super Kings,field,Kolkata Knight Riders,Chennai Super Kings,186,5,156,5,Kolkata Knight Riders,30,0,72,0
323,2020,Punjab Cricket Association Stadium,Mumbai Indians,Punjab Kings,Punjab Kings,field,Mumbai Indians,Punjab Kings,188,10,96,5,Mumbai Indians,92,0,32,0
324,2020,Wankhede Stadium,Rajasthan Royals,Royal Challengers Bangalore,Rajasthan Royals,bat,Rajasthan Royals,Royal Challengers Bangalore,186,10,107,8,Rajasthan Royals,79,0,54,3
325,2020,Sawai Mansingh Stadium,Royal Challengers Bangalore,Punjab Kings,Punjab Kings,bat,Punjab Kings,Royal Challengers Bangalore,190,6,121,5,Punjab Kings,69,0,50,1
326,2020,M.A. Chidambaram Stadium,Royal Challengers Bangalore,Sunrisers Hyderabad,Sunrisers Hyderabad,bat,Sunrisers Hyderabad,Royal Challengers Bangalore,180,10,136,10,Sunrisers Hyderabad,44,0,71,3
327,2020,Eden Gardens,Punjab Kings,Chennai Super Kings,Punjab Kings,bat,Punjab Kings,Chennai Super Kings,209,7,121,6,Punjab Kings,88,0,42,1
328,2020,M. Chinnaswamy Stadium,Sunrisers Hyderabad,Mumbai Indians,Mumbai Indians,bat,Mumbai Indians,Sunrisers Hyderabad,202,9,116,9,Mumbai Indians,86,0,45,1
329,2020,M. Chinnaswamy Stadium,Sunrisers Hyderabad,Royal Challengers Bangalore,Sunrisers Hyderabad,field,Royal Challengers Bangalore,Sunrisers Hyderabad,178,8,116,10,Royal Challengers Bangalore,62,0,66,2
330,2020,Arun Jaitley Stadium,Royal Challengers Bangalore,Punjab Kings,Punjab Kings,field,Royal Challengers Bangalore,Punjab Kings,214,8,107,5,Royal Challengers Bangalore,107,0,91,1
331,2020,Wankhede Stadium,Chennai Super Kings,Mumbai Indians,Chennai Super Kings,bat,Chennai Super Kings,Mumbai Indians,201,7,150,3,Chennai Super Kings,51,0,61,3
332,2020,M. Chinnaswamy Stadium,Punjab Kings,Chennai Super Kings,Chennai Super Kings,field,Punjab Kings,Chennai Super Kings,194,8,173,9,Punjab Kings,21,0,82,3
333,2020,Punjab Cricket Association Stadium,Chennai Super Kings,Rajasthan Royals,Chennai Super Kings,field,Rajasthan Royals,Chennai Super Kings,194,4,140,5,Rajasthan Royals,54,0,33,2
334,2020,Eden Gardens,Punjab Kings,Delhi Capitals,Delhi Capitals,bat,Delhi Capitals,Punjab Kings,202,5,125,10,Delhi Capitals,77,0,33,3
335,2020,Eden Gardens,Delhi Capitals,Chennai Super Kings,Chennai Super Kings,bat,Chennai Super Kings,Delhi Capitals,192,8,116,4,Chennai Super Kings,76,0,89,1
336,2020,M. Chinnaswamy Stadium,Royal Challengers Bangalore,Punjab Kings,Punjab Kings,bat,Punjab Kings,Royal Challengers Bangalore,181,5,139,3,Punjab Kings,42,0,41,3
337,2021,Punjab Cricket Association Stadium,Royal Challengers Bangalore,Rajasthan Royals,Rajasthan Royals,field,Royal Challengers Bangalore,Rajasthan Royals,214,9,150,5,Royal Challengers Bangalore,64,0,31,2
338,2021,Arun Jaitley Stadium,Kolkata Knight Riders,Rajasthan Royals,Kolkata Knight Riders,bat,Kolkata Knight Riders,Rajasthan Royals,204,9,135,4,Kolkata Knight Riders,69,0,87,3
339,2021,Rajiv Gandhi Stadium,Chennai Super Kings,Royal Challengers Bangalore,Royal Challengers Bangalore,field,Chennai Super Kings,Royal Challengers Bangalore,209,7,125,4,Chennai Super Kings,84,0,67,2
340,2021,Eden Gardens,Sunrisers Hyderabad,Mumbai Indians,Mumbai Indians,field,Sunrisers Hyderabad,Mumbai Indians,188,10,143,8,Sunrisers Hyderabad,45,0,90,2
341,2021,Arun Jaitley Stadium,Royal Challengers Bangalore,Sunrisers Hyderabad,Sunrisers Hyderabad,bat,Sunrisers Hyderabad,Royal Challengers Bangalore,185,9,136,9,Sunrisers Hyderabad,49,0,72,0
342,2021,Sawai Mansingh Stadium,Sunrisers Hyderabad,Mumbai Indians,Mumbai Indians,field,Sunrisers Hyderabad,Mumbai Indians,201,4,153,7,Sunrisers Hyderabad,48,0,54,2
343,2021,Punjab Cricket Association Stadium,Rajasthan Royals,Chennai Super Kings,Rajasthan Royals,field,Chennai Super Kings,Rajasthan Royals,186,9,129,4,Chennai Super Kings,57,0,45,2
344,2021,Rajiv Gandhi Stadium,Sunrisers Hyderabad,Delhi Capitals,Sunrisers Hyderabad,field,Delhi Capitals,Sunrisers Hyderabad,182,6,131,3,Delhi Capitals,51,0,32,3
345,2021,Wankhede Stadium,Punjab Kings,Mumbai Indians,Punjab Kings,field,Mumbai Indians,Punjab Kings,204,8,137,7,Mumbai Indians,67,0,89,0
346,2021,Eden Gardens,Royal Challengers Bangalore,Sunrisers Hyderabad,Sunrisers Hyderabad,bat,Sunrisers Hyderabad,Royal Challengers Bangalore,202,6,115,7,Sunrisers Hyderabad,87,0,57,0
347,2021,Sawai Mansingh Stadium,Mumbai Indians,Chennai Super Kings,Mumbai Indians,field,Chennai Super Kings,Mumbai Indians,204,9,138,8,Chennai Super Kings,66,0,71,3
348,2021,Rajiv Gandhi Stadium,Sunrisers Hyderabad,Delhi Capitals,Sunrisers Hyderabad,field,Delhi Capitals,Sunrisers Hyderabad,217,7,138,5,Delhi Capitals,79,0,80,0
349,2021,Sawai Mansingh Stadium,Mumbai Indians,Royal Challengers Bangalore,Royal Challengers Bangalore,bat,Royal Challengers Bangalore,Mumbai Indians,214,9,143,4,Royal Challengers Bangalore,71,0,40,3
350,2021,Wankhede Stadium,Sunrisers Hyderabad,Rajasthan Royals,Rajasthan Royals,field,Sunrisers Hyderabad,Rajasthan Royals,191,6,116,10,Sunrisers Hyderabad,75,0,59,3
351,2021,Eden Gardens,Rajasthan Royals,Kolkata Knight Riders,Rajasthan Royals,field,Kolkata Knight Riders,Rajasthan Royals,180,4,88,4,Kolkata Knight Riders,92,0,36,1
352,2021,Rajiv Gandhi Stadium,Royal Challengers Bangalore,Delhi Capitals,Delhi Capitals,field,Royal Challengers Bangalore,Delhi Capitals,180,8,111,6,Royal Challengers Bangalore,69,0,63,3
353,2021,Sawai Mansingh Stadium,Delhi Capitals,Punjab Kings,Punjab Kings,field,Delhi Capitals,Punjab Kings,207,5,108,6,Delhi Capitals,99,0,72,2
354,2021,Eden Gardens,Royal Challengers Bangalore,Delhi Capitals,Royal Challengers Bangalore,field,Delhi Capitals,Royal Challengers Bangalore,195,9,162,4,Delhi Capitals,33,0,77,2
355,2021,M.A. Chidambaram Stadium,Sunrisers Hyderabad,Delhi Capitals,Delhi Capitals,bat,Delhi Capitals,Sunrisers Hyderabad,208,10,86,8,Delhi Capitals,122,0,59,0
356,2021,Eden Gardens,Rajasthan Royals,Royal Challengers Bangalore,Rajasthan Royals,field,Royal Challengers Bangalore,Rajasthan Royals,175,9,132,7,Royal Challengers Bangalore,43,0,44,1
357,2021,Rajiv Gandhi Stadium,Royal Challengers Bangalore,Chennai Super Kings,Royal Challengers Bangalore,field,Chennai Super Kings,Royal Challengers Bangalore,199,6,108,4,Chennai Super Kings,91,0,51,1
358,2021,M. Chinnaswamy Stadium,Delhi Capitals,Sunrisers Hyderabad,Delhi Capitals,bat,Delhi Capitals,Sunrisers Hyderabad,198,6,102,9,Delhi Capitals,96,0,78,0
359,2021,M. Chinnaswamy Stadium,Kolkata Knight Riders,Sunrisers Hyderabad,Sunrisers Hyderabad,field,Kolkata Knight Riders,Sunrisers Hyderabad,211,6,103,9,Kolkata Knight Riders,108,0,32,2
360,2021,M. Chinnaswamy Stadium,Chennai Super Kings,Rajasthan Royals,Chennai Super Kings,field,Rajasthan Royals,Chennai Super Kings,188,7,145,5,Rajasthan Royals,43,0,74,3
361,2021,M. Chinnaswamy Stadium,Punjab Kings,Sunrisers Hyderabad,Punjab Kings,field,Sunrisers Hyderabad,Punjab Kings,167,5,123,5,Sunrisers Hyderabad,44,0,85,0
362,2021,Punjab Cricket Association Stadium,Punjab Kings,Royal Challengers Bangalore,Royal Challengers Bangalore,bat,Royal Challengers Bangalore,Punjab Kings,201,5,83,5,Royal Challengers Bangalore,118,0,89,2
363,2021,Punjab Cricket Association Stadium,Mumbai Indians,Sunrisers Hyderabad,Sunrisers Hyderabad,bat,Sunrisers Hyderabad,Mumbai Indians,189,10,147,8,Sunrisers Hyderabad,42,0,74,0
364,2021,M.A. Chidambaram Stadium,Rajasthan Royals,Punjab Kings,Rajasthan Royals,bat,Rajasthan Royals,Punjab Kings,185,10,131,3,Rajasthan Royals,54,0,84,2
365,2021,M. Chinnaswamy Stadium,Chennai Super Kings,Rajasthan Royals,Rajasthan Royals,field,Chennai Super Kings,Rajasthan Royals,207,9,155,5,Chennai Super Kings,52,0,84,3
366,2021,M. Chinnaswamy Stadium,Delhi Capitals,Mumbai Indians,Mumbai Indians,bat,Mumbai Indians,Delhi Capitals,197,9,107,7,Mumbai Indians,90,0,83,1
367,2021,Arun Jaitley Stadium,Delhi Capitals,Punjab Kings,Delhi Capitals,field,Punjab Kings,Delhi Capitals,193,10,104,5,Punjab Kings,89,0,52,3
368,2021,M. Chinnaswamy Stadium,Rajasthan Royals,Chennai Super Kings,Rajasthan Royals,bat,Rajasthan Royals,Chennai Super Kings,182,10,150,4,Rajasthan Royals,32,0,77,3
369,2021,Rajiv Gandhi Stadium,Mumbai Indians,Rajasthan Royals,Mumbai Indians,field,Rajasthan Royals,Mumbai Indians,182,8,135,8,Rajasthan Royals,47,0,46,3
370,2021,Eden Gardens,Royal Challengers Bangalore,Kolkata Knight Riders,Royal Challengers Bangalore,bat,Royal Challengers Bangalore,Kolkata Knight Riders,174,6,116,9,Royal Challengers Bangalore,58,0,53,2
371,2021,Sawai Mansingh Stadium,Sunrisers Hyderabad,Royal Challengers Bangalore,Sunrisers Hyderabad,bat,Sunrisers Hyderabad,Royal Challengers Bangalore,182,4,137,10,Sunrisers Hyderabad,45,0,48,2
372,2021,Eden Gardens,Delhi Capitals,Mumbai Indians,Delhi Capitals,bat,Delhi Capitals,Mumbai Indians,175,8,116,7,Delhi Capitals,59,0,35,0
373,2021,M.A. Chidambaram Stadium,Rajasthan Royals,Sunrisers Hyderabad,Sunrisers Hyderabad,field,Rajasthan Royals,Sunrisers Hyderabad,176,4,134,7,Rajasthan Royals,42,0,38,1
374,2021,M. Chinnaswamy Stadium,Mumbai Indians,Punjab Kings,Punjab Kings,field,Mumbai Indians,Punjab Kings,195,4,123,10,Mumbai Indians,72,0,92,1
375,2021,M. Chinnaswamy Stadium,Mumbai Indians,Rajasthan Royals,Rajasthan Royals,field,Mumbai Indians,Rajasthan Royals,181,4,134,6,Mumbai Indians,47,0,31,1
376,2021,M. Chinnaswamy Stadium,Royal Challengers Bangalore,Chennai Super Kings,Royal Challengers Bangalore,bat,Royal Challengers Bangalore,Chennai Super Kings,179,8,135,4,Royal Challengers Bangalore,44,0,54,0
377,2021,M.A. Chidambaram Stadium,Punjab Kings,Chennai Super Kings,Punjab Kings,field,Chennai Super Kings,Punjab Kings,189,6,122,6,Chennai Super Kings,67,0,91,3
378,2021,Rajiv Gandhi Stadium,Mumbai Indians,Delhi Capitals,Delhi Capitals,bat,Delhi Capitals,Mumbai Indians,185,4,120,10,Delhi Capitals,65,0,80,3
379,2021,M. Chinnaswamy Stadium,Punjab Kings,Delhi Capitals,Punjab Kings,field,Delhi Capitals,Punjab Kings,204,5,112,9,Delhi Capitals,92,0,35,0
380,2021,Sawai Mansingh Stadium,Kolkata Knight Riders,Sunrisers Hyderabad,Sunrisers Hyderabad,bat,Sunrisers Hyderabad,Kolkata Knight Riders,183,8,123,8,Sunrisers Hyderabad,60,0,85,2
381,2021,Rajiv Gandhi Stadium,Sunrisers Hyderabad,Chennai Super Kings,Sunrisers Hyderabad,field,Chennai Super Kings,Sunrisers Hyderabad,201,6,111,5,Chennai Super Kings,90,0,32,1
382,2021,Arun Jaitley Stadium,Kolkata Knight Riders,Sunrisers Hyderabad,Kolkata Knight Riders,bat,Kolkata Knight Riders,Sunrisers Hyderabad,185,7,118,7,Kolkata Knight Riders,67,0,88,2
383,2021,Eden Gardens,Sunrisers Hyderabad,Mumbai Indians,Mumbai Indians,field,Sunrisers Hyderabad,Mumbai Indians,187,5,132,4,Sunrisers Hyderabad,55,0,56,2
384,2021,Punjab Cricket Association Stadium,Rajasthan Royals,Punjab Kings,Punjab Kings,field,Rajasthan Royals,Punjab Kings,204,5,118,8,Rajasthan Royals,86,0,60,3
385,2021,M. Chinnaswamy Stadium,Sunrisers Hyderabad,Rajasthan Royals,Rajasthan Royals,field,Sunrisers Hyderabad,Rajasthan Royals,163,9,102,5,Sunrisers Hyderabad,61,0,45,1
386,2021,M.A. Chidambaram Stadium,Punjab Kings,Delhi Capitals,Delhi Capitals,field,Punjab Kings,Delhi Capitals,196,6,121,3,Punjab Kings,75,0,66,3
387,2021,Arun Jaitley Stadium,Kolkata Knight Riders,Royal Challengers Bangalore,Royal Challengers Bangalore,field,Kolkata Knight Riders,Royal Challengers Bangalore,201,4,125,9,Kolkata Knight Riders,76,0,30,3
388,2021,Punjab Cricket Association Stadium,Punjab Kings,Chennai Super Kings,Punjab Kings,field,Chennai Super Kings,Punjab Kings,201,8,108,3,Chennai Super Kings,93,0,72,2
389,2021,Sawai Mansingh Stadium,Kolkata Knight Riders,Punjab Kings,Punjab Kings,field,Kolkata Knight Riders,Punjab Kings,175,10,121,10,Kolkata Knight Riders,54,0,94,3
390,2021,M.A. Chidambaram Stadium,Delhi Capitals,Sunrisers Hyderabad,Sunrisers Hyderabad,field,Delhi Capitals,Sunrisers Hyderabad,172,9,112,9,Delhi Capitals,60,0,86,2
391,2021,Sawai Mansingh Stadium,Chennai Super Kings,Sunrisers Hyderabad,Chennai Super Kings,field,Sunrisers Hyderabad,Chennai Super Kings,187,5,156,9,Sunrisers Hyderabad,31,0,46,1
392,2021,Wankhede Stadium,Mumbai Indians,Sunrisers Hyderabad,Sunrisers Hyderabad,bat,Sunrisers Hyderabad,Mumbai Indians,218,7,151,5,Sunrisers Hyderabad,67,0,90,1
393,2022,Eden Gardens,Delhi Capitals,Royal Challengers Bangalore,Delhi Capitals,field,Royal Challengers Bangalore,Delhi Capitals,196,10,110,4,Royal Challengers Bangalore,86,0,75,0
394,2022,M. Chinnaswamy Stadium,Chennai Super Kings,Delhi Capitals,Chennai Super Kings,field,Delhi Capitals,Chennai Super Kings,210,9,173,9,Delhi Capitals,37,0,87,1
395,2022,M.A. Chidambaram Stadium,Rajasthan Royals,Kolkata Knight Riders,Rajasthan Royals,field,Kolkata Knight Riders,Rajasthan Royals,201,8,129,9,Kolkata Knight Riders,72,0,93,2
396,2022,Punjab Cricket Association Stadium,Kolkata Knight Riders,Sunrisers Hyderabad,Kolkata Knight Riders,field,Sunrisers Hyderabad,Kolkata Knight Riders,211,6,135,9,Sunrisers Hyderabad,76,0,58,1
397,2022,Eden Gardens,Punjab Kings,Kolkata Knight Riders,Punjab Kings,field,Kolkata Knight Riders,Punjab Kings,203,5,119,9,Kolkata Knight Riders,84,0,59,3
398,2022,Rajiv Gandhi Stadium,Royal Challengers Bangalore,Rajasthan Royals,Royal Challengers Bangalore,bat,Royal Challengers Bangalore,Rajasthan Royals,217,10,150,8,Royal Challengers Bangalore,67,0,56,3
399,2022,Arun Jaitley Stadium,Rajasthan Royals,Sunrisers Hyderabad,Sunrisers Hyderabad,field,Rajasthan Royals,Sunrisers Hyderabad,177,5,129,3,Rajasthan Royals,48,0,77,2
400,2022,Wankhede Stadium,Rajasthan Royals,Royal Challengers Bangalore,Rajasthan Royals,bat,Rajasthan Royals,Royal Challengers Bangalore,186,4,114,6,Rajasthan Royals,72,0,46,0
401,2022,Rajiv Gandhi Stadium,Delhi Capitals,Rajasthan Royals,Delhi Capitals,field,Rajasthan Royals,Delhi Capitals,190,8,114,7,Rajasthan Royals,76,0,46,0
402,2022,Punjab Cricket Association Stadium,Rajasthan Royals,Sunrisers Hyderabad,Sunrisers Hyderabad,field,Rajasthan Royals,Sunrisers Hyderabad,183,7,84,7,Rajasthan Royals,99,0,48,1
403,2022,Wankhede Stadium,Punjab Kings,Royal Challengers Bangalore,Royal Challengers Bangalore,field,Punjab Kings,Royal Challengers Bangalore,186,7,135,3,Punjab Kings,51,0,78,3
404,2022,Punjab Cricket Association Stadium,Kolkata Knight Riders,Delhi Capitals,Delhi Capitals,field,Kolkata Knight Riders,Delhi Capitals,204,8,96,8,Kolkata Knight Riders,108,0,91,0
405,2022,Arun Jaitley Stadium,Delhi Capitals,Royal Challengers Bangalore,Royal Challengers Bangalore,field,Delhi Capitals,Royal Challengers Bangalore,189,5,148,8,Delhi Capitals,41,0,62,1
406,2022,Eden Gardens,Rajasthan Royals,Mumbai Indians,Mumbai Indians,field,Rajasthan Royals,Mumbai Indians,194,8,156,8,Rajasthan Royals,38,0,55,0
407,2022,M. Chinnaswamy Stadium,Delhi Capitals,Rajasthan Royals,Delhi Capitals,bat,Delhi Capitals,Rajasthan Royals,192,9,134,5,Delhi Capitals,58,0,84,3
408,2022,Sawai Mansingh Stadium,Delhi Capitals,Punjab Kings,Delhi Capitals,field,Punjab Kings,Delhi Capitals,195,9,114,7,Punjab Kings,81,0,80,3
409,2022,M. Chinnaswamy Stadium,Mumbai Indians,Delhi Capitals,Delhi Capitals,bat,Delhi Capitals,Mumbai Indians,207,8,140,9,Delhi Capitals,67,0,82,0
410,2022,M. Chinnaswamy Stadium,Punjab Kings,Kolkata Knight Riders,Kolkata Knight Riders,bat,Kolkata Knight Riders,Punjab Kings,201,6,128,9,Kolkata Knight Riders,73,0,43,2
411,2022,Wankhede Stadium,Chennai Super Kings,Delhi Capitals,Delhi Capitals,field,Chennai Super Kings,Delhi Capitals,191,7,93,9,Chennai Super Kings,98,0,33,1
412,2022,M.A. Chidambaram Stadium,Royal Challengers Bangalore,Kolkata Knight Riders,Royal Challengers Bangalore,bat,Royal Challengers Bangalore,Kolkata Knight Riders,175,8,130,5,Royal Challengers Bangalore,45,0,40,2
413,2022,Arun Jaitley Stadium,Royal Challengers Bangalore,Delhi Capitals,Royal Challengers Bangalore,field,Delhi Capitals,Royal Challengers Bangalore,211,5,122,6,Delhi Capitals,89,0,43,3
414,2022,Rajiv Gandhi Stadium,Chennai Super Kings,Royal Challengers Bangalore,Royal Challengers Bangalore,field,Chennai Super Kings,Royal Challengers Bangalore,211,9,120,7,Chennai Super Kings,91,0,73,1
415,2022,M.A. Chidambaram Stadium,Sunrisers Hyderabad,Royal Challengers Bangalore,Royal Challengers Bangalore,field,Sunrisers Hyderabad,Royal Challengers Bangalore,183,8,128,3,Sunrisers Hyderabad,55,0,68,3
416,2022,M.A. Chidambaram Stadium,Rajasthan Royals,Delhi Capitals,Delhi Capitals,field,Rajasthan Royals,Delhi Capitals,191,10,127,4,Rajasthan Royals,64,0,86,3
417,2022,Rajiv Gandhi Stadium,Kolkata Knight Riders,Royal Challengers Bangalore,Kolkata Knight Riders,bat,Kolkata Knight Riders,Royal Challengers Bangalore,193,5,139,8,Kolkata Knight Riders,54,0,59,3
418,2022,M.A. Chidambaram Stadium,Sunrisers Hyderabad,Punjab Kings,Punjab Kings,field,Sunrisers Hyderabad,Punjab Kings,202,5,116,7,Sunrisers Hyderabad,86,0,48,1
419,2022,Wankhede Stadium,Sunrisers Hyderabad,Delhi Capitals,Delhi Capitals,bat,Delhi Capitals,Sunrisers Hyderabad,182,6,103,4,Delhi Capitals,79,0,31,2
420,2022,M.A. Chidambaram Stadium,Rajasthan Royals,Royal Challengers Bangalore,Rajasthan Royals,field,Royal Challengers Bangalore,Rajasthan Royals,193,9,131,6,Royal Challengers Bangalore,62,0,61,2
421,2022,M. Chinnaswamy Stadium,Kolkata Knight Riders,Punjab Kings,Punjab Kings,bat,Punjab Kings,Kolkata Knight Riders,187,6,131,9,Punjab Kings,56,0,44,3
422,2022,M.A. Chidambaram Stadium,Rajasthan Royals,Mumbai Indians,Rajasthan Royals,bat,Rajasthan Royals,Mumbai Indians,176,6,131,9,Rajasthan Royals,45,0,69,0
423,2022,M.A. Chidambaram Stadium,Mumbai Indians,Chennai Super Kings,Mumbai Indians,bat,Mumbai Indians,Chennai Super Kings,163,7,131,8,Mumbai Indians,32,0,57,3
424,2022,M. Chinnaswamy Stadium,Kolkata Knight Riders,Rajasthan Royals,Rajasthan Royals,field,Kolkata Knight Riders,Rajasthan Royals,208,10,118,10,Kolkata Knight Riders,90,0,80,1
425,2022,Eden Gardens,Kolkata Knight Riders,Mumbai Indians,Mumbai Indians,bat,Mumbai Indians,Kolkata Knight Riders,225,4,157,9,Mumbai Indians,68,0,65,0
426,2022,Sawai Mansingh Stadium,Kolkata Knight Riders,Rajasthan Royals,Kolkata Knight Riders,field,Rajasthan Royals,Kolkata Knight Riders,185,10,164,7,Rajasthan Royals,21,0,79,2
427,2022,Wankhede Stadium,Delhi Capitals,Royal Challengers Bangalore,Delhi Capitals,field,Royal Challengers Bangalore,Delhi Capitals,206,5,139,3,Royal Challengers Bangalore,67,0,91,1
428,2022,Rajiv Gandhi Stadium,Sunrisers Hyderabad,Mumbai Indians,Sunrisers Hyderabad,bat,Sunrisers Hyderabad,Mumbai Indians,194,10,143,9,Sunrisers Hyderabad,51,0,69,3
429,2022,Wankhede Stadium,Delhi Capitals,Rajasthan Royals,Delhi Capitals,field,Rajasthan Royals,Delhi Capitals,191,9,126,6,Rajasthan Royals,65,0,78,3
430,2022,Sawai Mansingh Stadium,Sunrisers Hyderabad,Chennai Super Kings,Sunrisers Hyderabad,bat,Sunrisers Hyderabad,Chennai Super Kings,191,4,119,4,Sunrisers Hyderabad,72,0,66,0
431,2022,Arun Jaitley Stadium,Chennai Super Kings,Sunrisers Hyderabad,Sunrisers Hyderabad,field,Chennai Super Kings,Sunrisers Hyderabad,189,7,109,5,Chennai Super Kings,80,0,63,1
432,2022,M. Chinnaswamy Stadium,Sunrisers Hyderabad,Royal Challengers Bangalore,Royal Challengers Bangalore,field,Sunrisers Hyderabad,Royal Challengers Bangalore,201,10,121,8,Sunrisers Hyderabad,80,0,59,0
433,2022,Rajiv Gandhi Stadium,Royal Challengers Bangalore,Kolkata Knight Riders,Kolkata Knight Riders,field,Royal Challengers Bangalore,Kolkata Knight Riders,190,4,142,6,Royal Challengers Bangalore,48,0,39,2
434,2022,Rajiv Gandhi Stadium,Kolkata Knight Riders,Delhi Capitals,Delhi Capitals,field,Kolkata Knight Riders,Delhi Capitals,174,7,109,7,Kolkata Knight Riders,65,0,50,1
435,2022,M. Chinnaswamy Stadium,Mumbai Indians,Kolkata Knight Riders,Mumbai Indians,field,Kolkata Knight Riders,Mumbai Indians,212,8,145,8,Kolkata Knight Riders,67,0,84,3
436,2022,Rajiv Gandhi Stadium,Rajasthan Royals,Punjab Kings,Punjab Kings,bat,Punjab Kings,Rajasthan Royals,194,4,136,5,Punjab Kings,58,0,76,1
437,2022,M.A. Chidambaram Stadium,Mumbai Indians,Delhi Capitals,Mumbai Indians,field,Delhi Capitals,Mumbai Indians,186,9,135,7,Delhi Capitals,51,0,47,1
438,2022,Eden Gardens,Punjab Kings,Rajasthan Royals,Punjab Kings,bat,Punjab Kings,Rajasthan Royals,201,6,128,8,Punjab Kings,73,0,56,2
439,2022,Wankhede Stadium,Mumbai Indians,Royal Challengers Bangalore,Royal Challengers Bangalore,bat,Royal Challengers Bangalore,Mumbai Indians,184,5,169,10,Royal Challengers Bangalore,15,0,75,3
440,2022,M.A. Chidambaram Stadium,Punjab Kings,Rajasthan Royals,Rajasthan Royals,field,Punjab Kings,Rajasthan Royals,189,7,150,8,Punjab Kings,39,0,88,2
441,2022,Sawai Mansingh Stadium,Kolkata Knight Riders,Punjab Kings,Punjab Kings,field,Kolkata Knight Riders,Punjab Kings,212,5,114,5,Kolkata Knight Riders,98,0,51,2
442,2022,Rajiv Gandhi Stadium,Mumbai Indians,Punjab Kings,Mumbai Indians,bat,Mumbai Indians,Punjab Kings,209,5,142,4,Mumbai Indians,67,0,46,3
443,2022,Rajiv Gandhi Stadium,Mumbai Indians,Sunrisers Hyderabad,Mumbai Indians,bat,Mumbai Indians,Sunrisers Hyderabad,216,9,113,4,Mumbai Indians,103,0,61,2
444,2022,Arun Jaitley Stadium,Delhi Capitals,Chennai Super Kings,Delhi Capitals,bat,Delhi Capitals,Chennai Super Kings,184,10,142,10,Delhi Capitals,42,0,46,3
445,2022,Eden Gardens,Sunrisers Hyderabad,Kolkata Knight Riders,Sunrisers Hyderabad,bat,Sunrisers Hyderabad,Kolkata Knight Riders,191,7,115,3,Sunrisers Hyderabad,76,0,69,0
446,2022,Arun Jaitley Stadium,Sunrisers Hyderabad,Chennai Super Kings,Chennai Super Kings,bat,Chennai Super Kings,Sunrisers Hyderabad,193,6,110,4,Chennai Super Kings,83,0,51,2
447,2022,Punjab Cricket Association Stadium,Chennai Super Kings,Delhi Capitals,Chennai Super Kings,field,Delhi Capitals,Chennai Super Kings,214,7,138,7,Delhi Capitals,76,0,86,3
448,2022,Eden Gardens,Rajasthan Royals,Mumbai Indians,Mumbai Indians,field,Rajasthan Royals,Mumbai Indians,200,10,179,5,Rajasthan Royals,21,0,70,2
449,2023,Rajiv Gandhi Stadium,Royal Challengers Bangalore,Rajasthan Royals,Royal Challengers Bangalore,field,Rajasthan Royals,Royal Challengers Bangalore,198,9,132,8,Rajasthan Royals,66,0,31,3
450,2023,M. Chinnaswamy Stadium,Royal Challengers Bangalore,Mumbai Indians,Royal Challengers Bangalore,field,Mumbai Indians,Royal Challengers Bangalore,191,9,125,8,Mumbai Indians,66,0,66,1
451,2023,Wankhede Stadium,Kolkata Knight Riders,Chennai Super Kings,Chennai Super Kings,bat,Chennai Super Kings,Kolkata Knight Riders,191,4,144,10,Chennai Super Kings,47,0,88,0
452,2023,Sawai Mansingh Stadium,Mumbai Indians,Royal Challengers Bangalore,Royal Challengers Bangalore,field,Mumbai Indians,Royal Challengers Bangalore,202,6,127,8,Mumbai Indians,75,0,82,2
453,2023,M. Chinnaswamy Stadium,Punjab Kings,Rajasthan Royals,Rajasthan Royals,bat,Rajasthan Royals,Punjab Kings,198,7,99,5,Rajasthan Royals,99,0,87,2
454,2023,M.A. Chidambaram Stadium,Punjab Kings,Rajasthan Royals,Punjab Kings,field,Rajasthan Royals,Punjab Kings,185,6,122,9,Rajasthan Royals,63,0,80,1
455,2023,Wankhede Stadium,Royal Challengers Bangalore,Chennai Super Kings,Chennai Super Kings,field,Royal Challengers Bangalore,Chennai Super Kings,211,10,152,8,Royal Challengers Bangalore,59,0,78,2
456,2023,M.A. Chidambaram Stadium,Rajasthan Royals,Royal Challengers Bangalore,Royal Challengers Bangalore,bat,Royal Challengers Bangalore,Rajasthan Royals,200,4,112,10,Royal Challengers Bangalore,88,0,66,2
457,2023,Eden Gardens,Sunrisers Hyderabad,Punjab Kings,Punjab Kings,field,Sunrisers Hyderabad,Punjab Kings,187,10,80,10,Sunrisers Hyderabad,107,0,50,3
458,2023,Rajiv Gandhi Stadium,Chennai Super Kings,Sunrisers Hyderabad,Sunrisers Hyderabad,bat,Sunrisers Hyderabad,Chennai Super Kings,198,8,143,8,Sunrisers Hyderabad,55,0,65,3
459,2023,Sawai Mansingh Stadium,Royal Challengers Bangalore,Mumbai Indians,Mumbai Indians,bat,Mumbai Indians,Royal Challengers Bangalore,190,4,132,5,Mumbai Indians,58,0,34,1
460,2023,M.A. Chidambaram Stadium,Delhi Capitals,Punjab Kings,Delhi Capitals,field,Punjab Kings,Delhi Capitals,197,4,111,8,Punjab Kings,86,0,35,0
461,2023,Rajiv Gandhi Stadium,Chennai Super Kings,Royal Challengers Bangalore,Royal Challengers Bangalore,bat,Royal Challengers Bangalore,Chennai Super Kings,196,4,158,3,Royal Challengers Bangalore,38,0,30,0
462,2023,Rajiv Gandhi Stadium,Rajasthan Royals,Mumbai Indians,Rajasthan Royals,bat,Rajasthan Royals,Mumbai Indians,199,10,134,4,Rajasthan Royals,65,0,64,3
463,2023,Punjab Cricket Association Stadium,Rajasthan Royals,Delhi Capitals,Rajasthan Royals,field,Delhi Capitals,Rajasthan Royals,188,6,141,7,Delhi Capitals,47,0,42,1
464,2023,Rajiv Gandhi Stadium,Sunrisers Hyderabad,Delhi Capitals,Sunrisers Hyderabad,field,Delhi Capitals,Sunrisers Hyderabad,186,10,119,4,Delhi Capitals,67,0,61,3
465,2023,Arun Jaitley Stadium,Rajasthan Royals,Royal Challengers Bangalore,Royal Challengers Bangalore,bat,Royal Challengers Bangalore,Rajasthan Royals,214,5,109,5,Royal Challengers Bangalore,105,0,94,0
466,2023,Arun Jaitley Stadium,Mumbai Indians,Delhi Capitals,Delhi Capitals,bat,Delhi Capitals,Mumbai Indians,173,7,122,10,Delhi Capitals,51,0,73,2
467,2023,Arun Jaitley Stadium,Royal Challengers Bangalore,Punjab Kings,Royal Challengers Bangalore,bat,Royal Challengers Bangalore,Punjab Kings,181,9,100,8,Royal Challengers Bangalore,81,0,88,0
468,2023,Wankhede Stadium,Delhi Capitals,Chennai Super Kings,Delhi Capitals,field,Chennai Super Kings,Delhi Capitals,199,9,80,9,Chennai Super Kings,119,0,41,2
469,2023,Wankhede Stadium,Royal Challengers Bangalore,Rajasthan Royals,Royal Challengers Bangalore,field,Rajasthan Royals,Royal Challengers Bangalore,201,4,128,8,Rajasthan Royals,73,0,86,0
470,2023,M.A. Chidambaram Stadium,Sunrisers Hyderabad,Kolkata Knight Riders,Sunrisers Hyderabad,field,Kolkata Knight Riders,Sunrisers Hyderabad,180,10,111,10,Kolkata Knight Riders,69,0,43,2
471,2023,M.A. Chidambaram Stadium,Sunrisers Hyderabad,Chennai Super Kings,Chennai Super Kings,field,Sunrisers Hyderabad,Chennai Super Kings,184,4,129,6,Sunrisers Hyderabad,55,0,81,0
472,2023,Rajiv Gandhi Stadium,Royal Challengers Bangalore,Delhi Capitals,Royal Challengers Bangalore,field,Delhi Capitals,Royal Challengers Bangalore,179,7,115,7,Delhi Capitals,64,0,32,1
473,2023,Eden Gardens,Rajasthan Royals,Royal Challengers Bangalore,Royal Challengers Bangalore,field,Rajasthan Royals,Royal Challengers Bangalore,206,10,117,6,Rajasthan Royals,89,0,76,1
474,2023,M.A. Chidambaram Stadium,Chennai Super Kings,Royal Challengers Bangalore,Royal Challengers Bangalore,field,Chennai Super Kings,Royal Challengers Bangalore,195,10,151,8,Chennai Super Kings,44,0,84,2
475,2023,Eden Gardens,Rajasthan Royals,Kolkata Knight Riders,Kolkata Knight Riders,field,Rajasthan Royals,Kolkata Knight Riders,226,10,122,4,Rajasthan Royals,104,0,47,0
476,2023,Sawai Mansingh Stadium,Delhi Capitals,Royal Challengers Bangalore,Royal Challengers Bangalore,bat,Royal Challengers Bangalore,Delhi Capitals,198,10,128,3,Royal Challengers Bangalore,70,0,49,3
477,2023,Eden Gardens,Mumbai Indians,Sunrisers Hyderabad,Sunrisers Hyderabad,field,Mumbai Indians,Sunrisers Hyderabad,179,8,114,9,Mumbai Indians,65,0,89,0
478,2023,Rajiv Gandhi Stadium,Kolkata Knight Riders,Mumbai Indians,Kolkata Knight Riders,field,Mumbai Indians,Kolkata Knight Riders,198,8,112,3,Mumbai Indians,86,0,55,0
479,2023,Wankhede Stadium,Mumbai Indians,Sunrisers Hyderabad,Mumbai Indians,field,Sunrisers Hyderabad,Mumbai Indians,186,4,145,4,Sunrisers Hyderabad,41,0,77,0
480,2023,Sawai Mansingh Stadium,Delhi Capitals,Royal Challengers Bangalore,Royal Challengers Bangalore,field,Delhi Capitals,Royal Challengers Bangalore,180,10,120,8,Delhi Capitals,60,0,58,1
481,2023,Sawai Mansingh Stadium,Chennai Super Kings,Delhi Capitals,Chennai Super Kings,bat,Chennai Super Kings,Delhi Capitals,198,4,112,4,Chennai Super Kings,86,0,84,2
482,2023,Eden Gardens,Royal Challengers Bangalore,Delhi Capitals,Delhi Capitals,field,Royal Challengers Bangalore,Delhi Capitals,181,4,131,5,Royal Challengers Bangalore,50,0,34,2
483,2023,Arun Jaitley Stadium,Mumbai Indians,Sunrisers Hyderabad,Mumbai Indians,field,Sunrisers Hyderabad,Mumbai Indians,179,6,134,8,Sunrisers Hyderabad,45,0,40,2
484,2023,Arun Jaitley Stadium,Rajasthan Royals,Chennai Super Kings,Rajasthan Royals,bat,Rajasthan Royals,Chennai Super Kings,169,10,114,4,Rajasthan Royals,55,0,67,2
485,2023,Wankhede Stadium,Chennai Super Kings,Punjab Kings,Punjab Kings,bat,Punjab Kings,Chennai Super Kings,185,10,119,7,Punjab Kings,66,0,94,0
486,2023,Rajiv Gandhi Stadium,Rajasthan Royals,Punjab Kings,Rajasthan Royals,bat,Rajasthan Royals,Punjab Kings,213,9,127,8,Rajasthan Royals,86,0,59,0
487,2023,M.A. Chidambaram Stadium,Mumbai Indians,Sunrisers Hyderabad,Sunrisers Hyderabad,field,Mumbai Indians,Sunrisers Hyderabad,195,7,118,9,Mumbai Indians,77,0,40,2
488,2023,M. Chinnaswamy Stadium,Kolkata Knight Riders,Punjab Kings,Kolkata Knight Riders,bat,Kolkata Knight Riders,Punjab Kings,211,8,126,8,Kolkata Knight Riders,85,0,49,1
489,2023,Eden Gardens,Kolkata Knight Riders,Royal Challengers Bangalore,Kolkata Knight Riders,field,Royal Challengers Bangalore,Kolkata Knight Riders,211,4,118,5,Royal Challengers Bangalore,93,0,64,3
490,2023,Eden Gardens,Kolkata Knight Riders,Sunrisers Hyderabad,Sunrisers Hyderabad,field,Kolkata Knight Riders,Sunrisers Hyderabad,215,5,122,6,Kolkata Knight Riders,93,0,45,1
491,2023,Sawai Mansingh Stadium,Rajasthan Royals,Chennai Super Kings,Chennai Super Kings,bat,Chennai Super Kings,Rajasthan Royals,186,8,129,6,Chennai Super Kings,57,0,44,3
492,2023,M.A. Chidambaram Stadium,Royal Challengers Bangalore,Punjab Kings,Royal Challengers Bangalore,field,Punjab Kings,Royal Challengers Bangalore,177,5,92,4,Punjab Kings,85,0,58,2
493,2023,Rajiv Gandhi Stadium,Mumbai Indians,Royal Challengers Bangalore,Mumbai Indians,bat,Mumbai Indians,Royal Challengers Bangalore,224,8,151,9,Mumbai Indians,73,0,85,0
494,2023,Wankhede Stadium,Kolkata Knight Riders,Delhi Capitals,Delhi Capitals,field,Kolkata Knight Riders,Delhi Capitals,207,8,118,4,Kolkata Knight Riders,89,0,54,3
495,2023,M. Chinnaswamy Stadium,Kolkata Knight Riders,Chennai Super Kings,Chennai Super Kings,bat,Chennai Super Kings,Kolkata Knight Riders,193,9,100,6,Chennai Super Kings,93,0,64,0
496,2023,Wankhede Stadium,Punjab Kings,Rajasthan Royals,Rajasthan Royals,field,Punjab Kings,Rajasthan Royals,208,8,120,8,Punjab Kings,88,0,32,3
497,2023,M.A. Chidambaram Stadium,Royal Challengers Bangalore,Kolkata Knight Riders,Royal Challengers Bangalore,bat,Royal Challengers Bangalore,Kolkata Knight Riders,208,9,132,9,Royal Challengers Bangalore,76,0,60,3
498,2023,Punjab Cricket Association Stadium,Sunrisers Hyderabad,Punjab Kings,Punjab Kings,bat,Punjab Kings,Sunrisers Hyderabad,194,5,115,8,Punjab Kings,79,0,47,0
499,2023,Sawai Mansingh Stadium,Rajasthan Royals,Delhi Capitals,Rajasthan Royals,bat,Rajasthan Royals,Delhi Capitals,199,4,118,10,Rajasthan Royals,81,0,48,3
500,2023,M.A. Chidambaram Stadium,Mumbai Indians,Kolkata Knight Riders,Mumbai Indians,bat,Mumbai Indians,Kolkata Knight Riders,184,5,112,8,Mumbai Indians,72,0,52,2
501,2023,Punjab Cricket Association Stadium,Punjab Kings,Chennai Super Kings,Punjab Kings,bat,Punjab Kings,Chennai Super Kings,206,6,137,7,Punjab Kings,69,0,68,1
502,2023,Rajiv Gandhi Stadium,Punjab Kings,Rajasthan Royals,Punjab Kings,field,Rajasthan Royals,Punjab Kings,202,7,120,8,Rajasthan Royals,82,0,38,0
503,2023,Punjab Cricket Association Stadium,Rajasthan Royals,Chennai Super Kings,Rajasthan Royals,bat,Rajasthan Royals,Chennai Super Kings,170,10,145,9,Rajasthan Royals,25,0,58,0
504,2023,Punjab Cricket Association Stadium,Royal Challengers Bangalore,Chennai Super Kings,Chennai Super Kings,bat,Chennai Super Kings,Royal Challengers Bangalore,184,9,118,4,Chennai Super Kings,66,0,69,2
